﻿<?xml version="1.0" encoding="utf-8"?>
<deployment>
  <id>8cbf4ca8-4d3c-4b59-a88f-ed2841618be3</id>
  <author>N/A</author>
  <deployer>GITHUB_ZIP_DEPLOY</deployer>
  <authorEmail>N/A</authorEmail>
  <message>{"type":"deployment","sha":"be34f56a77d7c6d094db8e48d8f31d2df6a9cf54","repoName":"Kiryzsuuu/CineWave","actor":"Kiryzsuuu","slotName":"production","commitMessage":"Add nginx config and test files for Azure deployment"}</message>
  <progress></progress>
  <status>Success</status>
  <statusText></statusText>
  <lastSuccessEndTime>2025-12-13T14:26:37.0199789Z</lastSuccessEndTime>
  <receivedTime>2025-12-13T14:24:10.2977261Z</receivedTime>
  <startTime>2025-12-13T14:24:11.5524134Z</startTime>
  <endTime>2025-12-13T14:26:37.0199789Z</endTime>
  <complete>True</complete>
  <is_temp>False</is_temp>
  <is_readonly>True</is_readonly>
  <buildSummary />
</deployment>