<step title="Incoming Request" date="2025-12-13T14:05:46.983" instance="d8ce03" url="/api/zipdeploy?isAsync=true&amp;deployer=GITHUB_ZIP_DEPLOY&amp;message=%7B%22type%22%3A%22deployment%22%2C%22sha%22%3A%2252ca7f7ece1f2137deb2cb45bc0854424323f520%22%2C%22repoName%22%3A%22Kiryzsuuu%2FCineWave%22%2C%22actor%22%3A%22Kiryzsuuu%22%2C%22slotName%22%3A%22production%22%2C%22commitMessage%22%3A%22Fix%3A%20Remove%20route%20cache%20to%20fix%20404%20on%20routes%22%7D" method="POST" type="request" pid="773,1,15" Host="cinewave.scm.azurewebsites.net" User-Agent="GITHUBACTIONS_DeployWebAppToAzure_be248fa6b670439a91131d8c78d4b93875bac242bafab9c4e3b97bc48d7d5ee7" Authorization="Bas..." Content-Type="application/octet-stream" Cookie="ARRAffinity=d8ce030d10a8488f5af05adb44862a92568cc382a56095090ac9f1a788fb1dff;Path=/;HttpOnly;Secure;Domain=cinewave.scm.azurewebsites.net; ARRAffinitySameSite=d8ce030d10a8488f5af05adb44862a92568cc382a56095090ac9f1a788fb1dff;Path=/;HttpOnly;SameSite=None;Secure;Domain=cinewave.scm.azurewebsites.net" Transfer-Encoding="chunked" X-ARR-LOG-ID="26a1c6dd-765d-4ae7-9944-4cb154beed01" CLIENT-IP="135.232.224.104:36865" X-SITE-DEPLOYMENT-ID="CineWave" WAS-DEFAULT-HOSTNAME="cinewave.scm.azurewebsites.net" X-Forwarded-Proto="https" X-AppService-Proto="https" X-Forwarded-TlsVersion="1.3" X-WAWS-Unencoded-URL="/api/zipdeploy?isAsync=true&amp;deployer=GITHUB_ZIP_DEPLOY&amp;message=%7B%22type%22%3A%22deployment%22%2C%22sha%22%3A%2252ca7f7ece1f2137deb2cb45bc0854424323f520%22%2C%22repoName%22%3A%22Kiryzsuuu%2FCineWave%22%2C%22actor%22%3A%22Kiryzsuuu%22%2C%22slotName%22%3A%22production%22%2C%22commitMessage%22%3A%22Fix%3A%20Remove%20route%20cache%20to%20fix%20404%20on%20routes%22%7D" X-Client-IP="135.232.224.104" X-Client-Port="36865" >
  <step title="Cleanup Xml Logs" date="2025-12-13T14:05:46.985" >
    <step title="Cleanup Infos" date="2025-12-13T14:05:46.996" totalFiles="375" totalCleanup="215" /><!-- duration: 3ms -->
  </step><!-- duration: 15ms -->
  <step title="ZipPushDeploy" date="2025-12-13T14:05:47.647" >
    <step title="ZipDeploy. Extract zip. Remote build." date="2025-12-13T14:05:47.657" /><!-- duration: 1ms -->
    <step title="None repository commit" date="2025-12-13T14:05:47.664" >
      <step title="Commit id: e025384e-c4cf-44ed-a7ee-dc2534a43363" date="2025-12-13T14:05:47.666" Message="N/A" AuthorName="N/A" AuthorEmail="N/A" /><!-- duration: 2ms -->
    </step><!-- duration: 5ms -->
    <step title="Starting PushDeployAsync" date="2025-12-13T14:05:47.672" /><!-- duration: 2ms -->
    <step title="Writing artifact to /tmp/zipdeploy/10ccf86f-3810-46d3-97b6-bcf63b86065c.zip" date="2025-12-13T14:05:47.687" >
      <step title="Writing multipart request body to /tmp/zipdeploy/10ccf86f-3810-46d3-97b6-bcf63b86065c.zip" date="2025-12-13T14:05:47.696" /><!-- duration: 8ms -->
    </step><!-- duration: 5981ms -->
    <step title="Start deployment in the background" date="2025-12-13T14:05:53.695" >
      <step title="Acquiring Deployment Lock" date="2025-12-13T14:05:53.747" /><!-- duration: 2ms -->
      <step title="Acquired Deployment Lock" date="2025-12-13T14:05:53.779" /><!-- duration: 2ms -->
    </step><!-- duration: 138ms -->
  </step><!-- duration: 6191ms -->
  <step title="Outgoing response" date="2025-12-13T14:05:53.858" type="response" statusCode="202" statusText="Accepted" /><!-- duration: 3ms -->
</step><!-- duration: 6884ms -->
