<step title="Incoming Request" date="2025-12-13T13:46:47.317" instance="d8ce03" url="/api/deployments/latest?deployer=GITHUB_ZIP_DEPLOY&amp;time=2025-12-13_13-45-36Z" method="GET" type="request" pid="768,1,18" Host="cinewave.scm.azurewebsites.net" User-Agent="GITHUBACTIONS_DeployWebAppToAzure_be248fa6b670439a91131d8c78d4b93875bac242bafab9c4e3b97bc48d7d5ee7" Authorization="Bas..." Content-Type="application/json; charset=utf-8" Cookie="ARRAffinity=d8ce030d10a8488f5af05adb44862a92568cc382a56095090ac9f1a788fb1dff;Path=/;HttpOnly;Secure;Domain=cinewave.scm.azurewebsites.net; ARRAffinitySameSite=d8ce030d10a8488f5af05adb44862a92568cc382a56095090ac9f1a788fb1dff;Path=/;HttpOnly;SameSite=None;Secure;Domain=cinewave.scm.azurewebsites.net" Content-Length="0" X-ARR-LOG-ID="ce459f5f-9826-46b7-bbbf-4bb09b57f1c9" CLIENT-IP="172.182.226.214:7200" X-SITE-DEPLOYMENT-ID="CineWave" WAS-DEFAULT-HOSTNAME="cinewave.scm.azurewebsites.net" X-Forwarded-Proto="https" X-AppService-Proto="https" X-Forwarded-TlsVersion="1.3" X-WAWS-Unencoded-URL="/api/deployments/latest?deployer=GITHUB_ZIP_DEPLOY&amp;time=2025-12-13_13-45-36Z" X-Client-IP="172.182.226.214" X-Client-Port="7200" >
  <step title="Cleanup Xml Logs" date="2025-12-13T13:46:47.406" >
    <step title="Cleanup Infos" date="2025-12-13T13:46:47.488" totalFiles="317" totalCleanup="157" /><!-- duration: 17ms -->
  </step><!-- duration: 111ms -->
  <step title="DeploymentService.GetResult" date="2025-12-13T13:46:47.677" >
    <step title="DeploymentService.GetLatestDeployment" date="2025-12-13T13:46:47.687" >
      <step title="DeploymentManager.GetResults" date="2025-12-13T13:46:47.738" /><!-- duration: 1427ms -->
    </step><!-- duration: 1841ms -->
  </step><!-- duration: 1861ms -->
  <step title="Outgoing response" date="2025-12-13T13:46:49.617" type="response" statusCode="202" statusText="Accepted" /><!-- duration: 10ms -->
</step><!-- duration: 2312ms -->
