<step title="Incoming Request" date="2025-12-13T14:15:48.530" instance="d8ce03" url="/api/zipdeploy?isAsync=true&amp;deployer=GITHUB_ZIP_DEPLOY&amp;message=%7B%22type%22%3A%22deployment%22%2C%22sha%22%3A%225923d996cc577a9eb79d26d4122fb7d227ca2e0c%22%2C%22repoName%22%3A%22Kiryzsuuu%2FCineWave%22%2C%22actor%22%3A%22Kiryzsuuu%22%2C%22slotName%22%3A%22production%22%2C%22commitMessage%22%3A%22Simplify%20nginx%20config%20for%20Azure%22%7D" method="POST" type="request" pid="768,1,15" Host="cinewave.scm.azurewebsites.net" User-Agent="GITHUBACTIONS_DeployWebAppToAzure_be248fa6b670439a91131d8c78d4b93875bac242bafab9c4e3b97bc48d7d5ee7" Authorization="Bas..." Content-Type="application/octet-stream" Cookie="ARRAffinity=d8ce030d10a8488f5af05adb44862a92568cc382a56095090ac9f1a788fb1dff;Path=/;HttpOnly;Secure;Domain=cinewave.scm.azurewebsites.net; ARRAffinitySameSite=d8ce030d10a8488f5af05adb44862a92568cc382a56095090ac9f1a788fb1dff;Path=/;HttpOnly;SameSite=None;Secure;Domain=cinewave.scm.azurewebsites.net" Transfer-Encoding="chunked" X-ARR-LOG-ID="339d9d61-a213-4591-8c77-74d20bba97f6" CLIENT-IP="57.151.138.242:17426" X-SITE-DEPLOYMENT-ID="CineWave" WAS-DEFAULT-HOSTNAME="cinewave.scm.azurewebsites.net" X-Forwarded-Proto="https" X-AppService-Proto="https" X-Forwarded-TlsVersion="1.3" X-WAWS-Unencoded-URL="/api/zipdeploy?isAsync=true&amp;deployer=GITHUB_ZIP_DEPLOY&amp;message=%7B%22type%22%3A%22deployment%22%2C%22sha%22%3A%225923d996cc577a9eb79d26d4122fb7d227ca2e0c%22%2C%22repoName%22%3A%22Kiryzsuuu%2FCineWave%22%2C%22actor%22%3A%22Kiryzsuuu%22%2C%22slotName%22%3A%22production%22%2C%22commitMessage%22%3A%22Simplify%20nginx%20config%20for%20Azure%22%7D" X-Client-IP="57.151.138.242" X-Client-Port="17426" >
  <step title="ZipPushDeploy" date="2025-12-13T14:15:50.110" >
    <step title="ZipDeploy. Extract zip. Remote build." date="2025-12-13T14:15:50.122" /><!-- duration: 2ms -->
    <step title="None repository commit" date="2025-12-13T14:15:50.128" >
      <step title="Commit id: f29ed4c2-ac80-429c-80a3-cd2644a1c37d" date="2025-12-13T14:15:50.130" Message="N/A" AuthorName="N/A" AuthorEmail="N/A" /><!-- duration: 2ms -->
    </step><!-- duration: 5ms -->
    <step title="Starting PushDeployAsync" date="2025-12-13T14:15:50.134" /><!-- duration: 1ms -->
    <step title="Writing artifact to /tmp/zipdeploy/98a93357-067d-418f-9ffc-5236188d42d1.zip" date="2025-12-13T14:15:50.303" >
      <step title="Writing multipart request body to /tmp/zipdeploy/98a93357-067d-418f-9ffc-5236188d42d1.zip" date="2025-12-13T14:15:50.305" /><!-- duration: 6ms -->
    </step><!-- duration: 7480ms -->
    <step title="Start deployment in the background" date="2025-12-13T14:15:57.943" >
      <step title="Acquiring Deployment Lock" date="2025-12-13T14:15:58.175" /><!-- duration: 18ms -->
      <step title="Acquired Deployment Lock" date="2025-12-13T14:15:58.365" /><!-- duration: 18ms -->
    </step><!-- duration: 1016ms -->
  </step><!-- duration: 8890ms -->
  <step title="Outgoing response" date="2025-12-13T14:15:59.210" type="response" statusCode="202" statusText="Accepted" /><!-- duration: 13ms -->
</step><!-- duration: 10702ms -->
