<step title="BackgroundTrace" date="2025-12-13T13:59:26.507" instance="d8ce03" url="/deploy" method="POST" >
  <step title="Cleanup Xml Logs" date="2025-12-13T13:59:26.537" >
    <step title="Cleanup Infos" date="2025-12-13T13:59:26.586" totalFiles="341" totalCleanup="181" /><!-- duration: 11ms -->
  </step><!-- duration: 71ms -->
  <step title="Creating temporary deployment - FetchDeploymentManager" date="2025-12-13T13:59:28.083" /><!-- duration: 11ms -->
  <step title="Creating temporary deployment" date="2025-12-13T13:59:28.125" /><!-- duration: 220ms -->
  <step title="Performing fetch based deployment" date="2025-12-13T13:59:29.493" >
    <step title="Cleaning up temporary deployment - fetch deployment was successful" date="2025-12-13T13:59:34.481" /><!-- duration: 10ms -->
  </step><!-- duration: 5170ms -->
</step><!-- duration: 8206ms -->
