<step title="Incoming Request" date="2025-12-13T14:00:01.091" instance="d8ce03" url="/api/zipdeploy?isAsync=true&amp;deployer=GITHUB_ZIP_DEPLOY&amp;message=%7B%22type%22%3A%22deployment%22%2C%22sha%22%3A%2215777134f9e7e75627ea34f6d3bd07b8833610bc%22%2C%22repoName%22%3A%22Kiryzsuuu%2FCineWave%22%2C%22actor%22%3A%22Kiryzsuuu%22%2C%22slotName%22%3A%22production%22%2C%22commitMessage%22%3A%22Fix%3A%20Trust%20all%20proxies%20for%20Azure%20reverse%20proxy%20(fixes%20419%20error)%22%7D" method="POST" type="request" pid="770,1,15" Host="cinewave.scm.azurewebsites.net" User-Agent="GITHUBACTIONS_DeployWebAppToAzure_be248fa6b670439a91131d8c78d4b93875bac242bafab9c4e3b97bc48d7d5ee7" Authorization="Bas..." Content-Type="application/octet-stream" Cookie="ARRAffinity=d8ce030d10a8488f5af05adb44862a92568cc382a56095090ac9f1a788fb1dff;Path=/;HttpOnly;Secure;Domain=cinewave.scm.azurewebsites.net; ARRAffinitySameSite=d8ce030d10a8488f5af05adb44862a92568cc382a56095090ac9f1a788fb1dff;Path=/;HttpOnly;SameSite=None;Secure;Domain=cinewave.scm.azurewebsites.net" Transfer-Encoding="chunked" X-ARR-LOG-ID="03b99886-b11b-427d-9efd-e55498fd4a06" CLIENT-IP="13.83.166.226:34817" X-SITE-DEPLOYMENT-ID="CineWave" WAS-DEFAULT-HOSTNAME="cinewave.scm.azurewebsites.net" X-Forwarded-Proto="https" X-AppService-Proto="https" X-Forwarded-TlsVersion="1.3" X-WAWS-Unencoded-URL="/api/zipdeploy?isAsync=true&amp;deployer=GITHUB_ZIP_DEPLOY&amp;message=%7B%22type%22%3A%22deployment%22%2C%22sha%22%3A%2215777134f9e7e75627ea34f6d3bd07b8833610bc%22%2C%22repoName%22%3A%22Kiryzsuuu%2FCineWave%22%2C%22actor%22%3A%22Kiryzsuuu%22%2C%22slotName%22%3A%22production%22%2C%22commitMessage%22%3A%22Fix%3A%20Trust%20all%20proxies%20for%20Azure%20reverse%20proxy%20(fixes%20419%20error)%22%7D" X-Client-IP="13.83.166.226" X-Client-Port="34817" >
  <step title="Cleanup Xml Logs" date="2025-12-13T14:00:01.093" >
    <step title="Cleanup Infos" date="2025-12-13T14:00:01.100" totalFiles="345" totalCleanup="185" /><!-- duration: 2ms -->
  </step><!-- duration: 11ms -->
  <step title="ZipPushDeploy" date="2025-12-13T14:00:01.135" >
    <step title="ZipDeploy. Extract zip. Remote build." date="2025-12-13T14:00:01.140" /><!-- duration: 1ms -->
    <step title="None repository commit" date="2025-12-13T14:00:01.146" >
      <step title="Commit id: c4d2c26b-d583-4b6b-8cf1-7659c899f449" date="2025-12-13T14:00:01.148" Message="N/A" AuthorName="N/A" AuthorEmail="N/A" /><!-- duration: 4ms -->
    </step><!-- duration: 7ms -->
    <step title="Starting PushDeployAsync" date="2025-12-13T14:00:01.155" /><!-- duration: 1ms -->
    <step title="Writing artifact to /tmp/zipdeploy/cdeca671-5b8a-42b3-ab7a-283f43bb1460.zip" date="2025-12-13T14:00:01.177" >
      <step title="Writing multipart request body to /tmp/zipdeploy/cdeca671-5b8a-42b3-ab7a-283f43bb1460.zip" date="2025-12-13T14:00:01.179" /><!-- duration: 8ms -->
    </step><!-- duration: 7859ms -->
    <step title="Start deployment in the background" date="2025-12-13T14:00:09.070" >
      <step title="Acquiring Deployment Lock" date="2025-12-13T14:00:09.101" /><!-- duration: 2ms -->
      <step title="Acquired Deployment Lock" date="2025-12-13T14:00:09.132" /><!-- duration: 2ms -->
    </step><!-- duration: 166ms -->
  </step><!-- duration: 8129ms -->
  <step title="Outgoing response" date="2025-12-13T14:00:09.277" type="response" statusCode="202" statusText="Accepted" /><!-- duration: 2ms -->
</step><!-- duration: 8195ms -->
