<step title="Incoming Request" date="2025-12-13T11:28:26.557" instance="d8ce03" url="/deploy?scmType=ExternalGit&amp;isAsync=true" method="POST" type="request" pid="768,1,7" Host="cinewave.scm.azurewebsites.net" User-Agent="Azure-WebSites-Controller/106.0.7.121" Authorization="Bas..." Expect="100-continue" Content-Length="81" x-ms-request-id="6fff7f03-f7e4-4af7-a576-3fdbd276baca" X-ARR-LOG-ID="6fff7f03-f7e4-4af7-a576-3fdbd276baca" CLIENT-IP="70.153.161.0:8728" X-SITE-DEPLOYMENT-ID="CineWave" WAS-DEFAULT-HOSTNAME="cinewave.scm.azurewebsites.net" X-MS-PLATFORM-INTERNAL="True" X-Forwarded-Proto="https" X-AppService-Proto="https" X-Forwarded-TlsVersion="1.3" X-WAWS-Unencoded-URL="/deploy?scmType=ExternalGit&amp;isAsync=true" X-Client-IP="70.153.161.0" X-Client-Port="8728" >
  <step title="FetchHandler" date="2025-12-13T11:28:26.626" >
    <step title="Executing external process" date="2025-12-13T11:28:26.761" type="process" path="git" arguments="rev-parse --git-dir" /><!-- duration: 78ms -->
    <step title="Executing external process" date="2025-12-13T11:28:26.878" type="process" path="git" arguments="rev-parse --git-dir" /><!-- duration: 41ms -->
    <step title="Executing external process" date="2025-12-13T11:28:26.929" type="process" path="git" arguments="log -n 1 main --" /><!-- duration: 132ms -->
    <step title="Start deployment in the background" date="2025-12-13T11:28:27.076" >
      <step title="Executing external process" date="2025-12-13T11:28:27.110" type="process" path="git" arguments="rev-parse --git-dir" /><!-- duration: 51ms -->
      <step title="Executing external process" date="2025-12-13T11:28:27.168" type="process" path="git" arguments="rev-parse --git-dir" /><!-- duration: 14ms -->
      <step title="Executing external process" date="2025-12-13T11:28:27.188" type="process" path="git" arguments="log -n 1 main --" /><!-- duration: 20ms -->
      <step title="Acquiring Deployment Lock" date="2025-12-13T11:28:27.211" /><!-- duration: 2ms -->
      <step title="Acquired Deployment Lock" date="2025-12-13T11:28:27.258" /><!-- duration: 2ms -->
    </step><!-- duration: 270ms -->
  </step><!-- duration: 724ms -->
  <step title="Outgoing response" date="2025-12-13T11:28:27.354" type="response" statusCode="202" statusText="Accepted" /><!-- duration: 3ms -->
</step><!-- duration: 801ms -->
