<step title="Incoming Request" date="2025-12-13T14:20:35.605" instance="d8ce03" url="/api/deployments/latest?deployer=GITHUB_ZIP_DEPLOY&amp;time=2025-12-13_14-20-28Z" method="GET" type="request" pid="768,1,15" Host="cinewave.scm.azurewebsites.net" User-Agent="GITHUBACTIONS_DeployWebAppToAzure_be248fa6b670439a91131d8c78d4b93875bac242bafab9c4e3b97bc48d7d5ee7" Authorization="Bas..." Content-Type="application/json; charset=utf-8" Cookie="ARRAffinity=d8ce030d10a8488f5af05adb44862a92568cc382a56095090ac9f1a788fb1dff;Path=/;HttpOnly;Secure;Domain=cinewave.scm.azurewebsites.net; ARRAffinitySameSite=d8ce030d10a8488f5af05adb44862a92568cc382a56095090ac9f1a788fb1dff;Path=/;HttpOnly;SameSite=None;Secure;Domain=cinewave.scm.azurewebsites.net" Content-Length="0" X-ARR-LOG-ID="63417dc9-f255-4795-ba0a-9b594858f3aa" CLIENT-IP="52.234.41.66:33809" X-SITE-DEPLOYMENT-ID="CineWave" WAS-DEFAULT-HOSTNAME="cinewave.scm.azurewebsites.net" X-Forwarded-Proto="https" X-AppService-Proto="https" X-Forwarded-TlsVersion="1.3" X-WAWS-Unencoded-URL="/api/deployments/latest?deployer=GITHUB_ZIP_DEPLOY&amp;time=2025-12-13_14-20-28Z" X-Client-IP="52.234.41.66" X-Client-Port="33809" >
  <step title="Cleanup Xml Logs" date="2025-12-13T14:20:35.606" >
    <step title="Cleanup Infos" date="2025-12-13T14:20:35.637" totalFiles="466" totalCleanup="306" /><!-- duration: 9ms -->
  </step><!-- duration: 50ms -->
  <step title="DeploymentService.GetResult" date="2025-12-13T14:20:35.675" >
    <step title="DeploymentService.GetLatestDeployment" date="2025-12-13T14:20:35.677" >
      <step title="DeploymentManager.GetResults" date="2025-12-13T14:20:35.685" /><!-- duration: 224ms -->
    </step><!-- duration: 241ms -->
  </step><!-- duration: 252ms -->
  <step title="Outgoing response" date="2025-12-13T14:20:35.966" type="response" statusCode="202" statusText="Accepted" /><!-- duration: 10ms -->
</step><!-- duration: 373ms -->
