<step title="Incoming Request" date="2025-12-13T13:10:59.863" instance="d8ce03" url="/api/zipdeploy?isAsync=true&amp;deployer=GITHUB_ZIP_DEPLOY&amp;message=%7B%22type%22%3A%22deployment%22%2C%22sha%22%3A%22a04a8bcb63a79cd0def9bdfdfd66c8b676b52deb%22%2C%22repoName%22%3A%22Kiryzsuuu%2FCineWave%22%2C%22actor%22%3A%22Kiryzsuuu%22%2C%22slotName%22%3A%22production%22%2C%22commitMessage%22%3A%22Add%20Azure%20deployment%20configuration%20files%22%7D" method="POST" type="request" pid="768,1,5" Host="cinewave.scm.azurewebsites.net" User-Agent="GITHUBACTIONS_DeployWebAppToAzure_be248fa6b670439a91131d8c78d4b93875bac242bafab9c4e3b97bc48d7d5ee7" Authorization="Bas..." Content-Type="application/octet-stream" Cookie="ARRAffinity=d8ce030d10a8488f5af05adb44862a92568cc382a56095090ac9f1a788fb1dff;Path=/;HttpOnly;Secure;Domain=cinewave.scm.azurewebsites.net; ARRAffinitySameSite=d8ce030d10a8488f5af05adb44862a92568cc382a56095090ac9f1a788fb1dff;Path=/;HttpOnly;SameSite=None;Secure;Domain=cinewave.scm.azurewebsites.net" Transfer-Encoding="chunked" X-ARR-LOG-ID="cf1f874d-e79c-4447-8337-e5d54dd6484f" CLIENT-IP="57.151.128.208:37889" X-SITE-DEPLOYMENT-ID="CineWave" WAS-DEFAULT-HOSTNAME="cinewave.scm.azurewebsites.net" X-Forwarded-Proto="https" X-AppService-Proto="https" X-Forwarded-TlsVersion="1.3" X-WAWS-Unencoded-URL="/api/zipdeploy?isAsync=true&amp;deployer=GITHUB_ZIP_DEPLOY&amp;message=%7B%22type%22%3A%22deployment%22%2C%22sha%22%3A%22a04a8bcb63a79cd0def9bdfdfd66c8b676b52deb%22%2C%22repoName%22%3A%22Kiryzsuuu%2FCineWave%22%2C%22actor%22%3A%22Kiryzsuuu%22%2C%22slotName%22%3A%22production%22%2C%22commitMessage%22%3A%22Add%20Azure%20deployment%20configuration%20files%22%7D" X-Client-IP="57.151.128.208" X-Client-Port="37889" >
  <step title="Cleanup Xml Logs" date="2025-12-13T13:10:59.881" /><!-- duration: 41ms -->
  <step title="ZipPushDeploy" date="2025-12-13T13:11:00.082" >
    <step title="ZipDeploy. Extract zip. Remote build." date="2025-12-13T13:11:00.142" /><!-- duration: 42ms -->
    <step title="None repository commit" date="2025-12-13T13:11:00.213" >
      <step title="Commit id: 8a2c87a8-f632-42ec-aa43-a5b410c4642c" date="2025-12-13T13:11:00.231" Message="N/A" AuthorName="N/A" AuthorEmail="N/A" /><!-- duration: 11ms -->
    </step><!-- duration: 31ms -->
    <step title="Starting PushDeployAsync" date="2025-12-13T13:11:00.262" /><!-- duration: 2ms -->
    <step title="Writing artifact to /tmp/zipdeploy/ab0d9034-72e0-4a7f-9671-eeba48dd48c8.zip" date="2025-12-13T13:11:00.646" >
      <step title="Writing multipart request body to /tmp/zipdeploy/ab0d9034-72e0-4a7f-9671-eeba48dd48c8.zip" date="2025-12-13T13:11:00.747" /><!-- duration: 70ms -->
    </step><!-- duration: 6084ms -->
    <step title="None repository commit" date="2025-12-13T13:11:06.780" >
      <step title="Commit id: 8a2c87a8-f632-42ec-aa43-a5b410c4642c" date="2025-12-13T13:11:06.797" Message="N/A" AuthorName="N/A" AuthorEmail="N/A" /><!-- duration: 11ms -->
    </step><!-- duration: 60ms -->
    <step title="Start deployment in the background" date="2025-12-13T13:11:06.900" >
      <step title="None repository commit" date="2025-12-13T13:11:07.060" >
        <step title="Commit id: 8a2c87a8-f632-42ec-aa43-a5b410c4642c" date="2025-12-13T13:11:07.089" Message="N/A" AuthorName="N/A" AuthorEmail="N/A" /><!-- duration: 12ms -->
      </step><!-- duration: 61ms -->
      <step title="Acquiring Deployment Lock" date="2025-12-13T13:11:07.130" /><!-- duration: 82ms -->
      <step title="Acquired Deployment Lock" date="2025-12-13T13:11:07.310" /><!-- duration: 93ms -->
    </step><!-- duration: 884ms -->
  </step><!-- duration: 7731ms -->
  <step title="Outgoing response" date="2025-12-13T13:11:07.875" type="response" statusCode="202" statusText="Accepted" /><!-- duration: 20ms -->
</step><!-- duration: 8060ms -->
