<step title="Incoming Request" date="2025-12-13T13:34:30.771" instance="d8ce03" url="/api/deployments/latest?deployer=GitHub&amp;time=2025-12-13_13-34-20Z" method="GET" type="request" pid="770,1,19" Host="cinewave.scm.azurewebsites.net" User-Agent="Azure-WebSites-Controller/106.0.7.121" Authorization="Bas..." x-ms-request-id="bb63910d-6081-47b1-ba5e-1a012c87f07c" X-ARR-LOG-ID="bb63910d-6081-47b1-ba5e-1a012c87f07c" CLIENT-IP="70.153.161.0:24450" X-SITE-DEPLOYMENT-ID="CineWave" WAS-DEFAULT-HOSTNAME="cinewave.scm.azurewebsites.net" X-MS-PLATFORM-INTERNAL="True" X-Forwarded-Proto="https" X-AppService-Proto="https" X-Forwarded-TlsVersion="1.3" X-WAWS-Unencoded-URL="/api/deployments/latest?deployer=GitHub&amp;time=2025-12-13_13-34-20Z" X-Client-IP="70.153.161.0" X-Client-Port="24450" >
  <step title="Cleanup Xml Logs" date="2025-12-13T13:34:30.773" >
    <step title="Cleanup Infos" date="2025-12-13T13:34:30.778" totalFiles="285" totalCleanup="125" /><!-- duration: 2ms -->
  </step><!-- duration: 9ms -->
  <step title="DeploymentService.GetResult" date="2025-12-13T13:34:30.818" >
    <step title="DeploymentService.GetLatestDeployment" date="2025-12-13T13:34:30.821" >
      <step title="DeploymentManager.GetResults" date="2025-12-13T13:34:30.823" /><!-- duration: 44ms -->
    </step><!-- duration: 48ms -->
  </step><!-- duration: 102ms -->
  <step title="Outgoing response" date="2025-12-13T13:34:30.927" type="response" statusCode="404" statusText="NotFound" /><!-- duration: 7ms -->
</step><!-- duration: 168ms -->
