<step title="Incoming Request" date="2025-12-13T13:14:36.333" instance="d8ce03" url="/api/deployments/latest?deployer=GITHUB_ZIP_DEPLOY&amp;time=2025-12-13_13-11-07Z" method="GET" type="request" pid="768,1,26" Host="cinewave.scm.azurewebsites.net" User-Agent="GITHUBACTIONS_DeployWebAppToAzure_be248fa6b670439a91131d8c78d4b93875bac242bafab9c4e3b97bc48d7d5ee7" Authorization="Bas..." Content-Type="application/json; charset=utf-8" Cookie="ARRAffinity=d8ce030d10a8488f5af05adb44862a92568cc382a56095090ac9f1a788fb1dff;Path=/;HttpOnly;Secure;Domain=cinewave.scm.azurewebsites.net; ARRAffinitySameSite=d8ce030d10a8488f5af05adb44862a92568cc382a56095090ac9f1a788fb1dff;Path=/;HttpOnly;SameSite=None;Secure;Domain=cinewave.scm.azurewebsites.net" Content-Length="0" X-ARR-LOG-ID="0f91e148-e951-4b5f-9db5-301a9eb03a26" CLIENT-IP="57.151.128.208:37890" X-SITE-DEPLOYMENT-ID="CineWave" WAS-DEFAULT-HOSTNAME="cinewave.scm.azurewebsites.net" X-Forwarded-Proto="https" X-AppService-Proto="https" X-Forwarded-TlsVersion="1.3" X-WAWS-Unencoded-URL="/api/deployments/latest?deployer=GITHUB_ZIP_DEPLOY&amp;time=2025-12-13_13-11-07Z" X-Client-IP="57.151.128.208" X-Client-Port="37890" >
  <step title="Cleanup Xml Logs" date="2025-12-13T13:14:36.336" >
    <step title="Cleanup Infos" date="2025-12-13T13:14:36.343" totalFiles="201" totalCleanup="41" /><!-- duration: 5ms -->
  </step><!-- duration: 19ms -->
  <step title="DeploymentService.GetResult" date="2025-12-13T13:14:36.364" >
    <step title="DeploymentService.GetLatestDeployment" date="2025-12-13T13:14:36.374" >
      <step title="DeploymentManager.GetResults" date="2025-12-13T13:14:36.395" /><!-- duration: 323ms -->
    </step><!-- duration: 348ms -->
  </step><!-- duration: 364ms -->
  <step title="Outgoing response" date="2025-12-13T13:14:36.732" type="response" statusCode="202" statusText="Accepted" /><!-- duration: 2ms -->
</step><!-- duration: 405ms -->
