<step title="BackgroundTrace" date="2025-12-13T12:52:01.729" instance="d8ce03" url="/api/zipdeploy" method="POST" >
  <step title="Cleanup Xml Logs" date="2025-12-13T12:52:01.739" /><!-- duration: 71ms -->
  <step title="Creating temporary deployment - FetchDeploymentManager" date="2025-12-13T12:52:02.733" /><!-- duration: 9ms -->
  <step title="Creating temporary deployment" date="2025-12-13T12:52:02.773" /><!-- duration: 382ms -->
  <step title="Performing fetch based deployment" date="2025-12-13T12:52:04.280" >
    <step title="Cleaning up temp folders from previous zip deployments and extracting pushed zip file /tmp/zipdeploy/63ca7696-6ccc-4081-8d36-2b4e34c3f674.zip (88.00 MB) to /tmp/zipdeploy/extracted" date="2025-12-13T12:52:06.088" >
      <step title="ChmodRecursive Process exited with total time taken in ms: 868" date="2025-12-13T12:52:56.461" /><!-- duration: 4ms -->
    </step><!-- duration: 50381ms -->
    <step title="Deployment timer started" date="2025-12-13T12:52:58.553" >
      <step title="DeploymentManager.Deploy(id:23496d21-246f-45e4-af5f-ad8671a41d94)" date="2025-12-13T12:52:58.563" >
        <step title="Collecting changeset information" date="2025-12-13T12:52:58.571" /><!-- duration: 66ms -->
        <step title="Updating submodules" date="2025-12-13T12:52:58.640" /><!-- duration: 1090ms -->
        <step title="Determining deployment builder" date="2025-12-13T12:52:59.883" >
          <step title="Builder is CustomBuilder" date="2025-12-13T12:52:59.886" /><!-- duration: 8ms -->
        </step><!-- duration: 21ms -->
        <step title="PreDeployment: context.CleanOutputPath False" date="2025-12-13T12:52:59.943" >
          <step title="PreDeployment: context.OutputPath /home/site/wwwroot" date="2025-12-13T12:53:00.025" >
            <step title="Building" date="2025-12-13T12:53:00.132" >
              <step title="Executing external process" date="2025-12-13T12:53:00.424" type="process" path="starter.sh" arguments="bash deploy.sh" /><!-- duration: 6528ms -->
              <step title="Triggering recycle (preview mode disabled)." date="2025-12-13T12:53:07.474" /><!-- duration: 5ms -->
              <step title="Modified file to trigger a restart of the app container." date="2025-12-13T12:53:07.499" /><!-- duration: 1ms -->
              <step title="Skip function trigger and logicapp sync because function is not enabled." date="2025-12-13T12:53:07.517" /><!-- duration: 9ms -->
            </step><!-- duration: 8006ms -->
          </step><!-- duration: 8116ms -->
          <step title="Cleaning up temp files" date="2025-12-13T12:53:08.143" /><!-- duration: 6ms -->
          <step title="Cleaning up temp files" date="2025-12-13T12:53:08.164" /><!-- duration: 508ms -->
          <step title="Reloading status file with latest updates" date="2025-12-13T12:53:08.702" >
            <step title="WebHooksManager.PublishEventAsync: PostDeployment" date="2025-12-13T12:53:08.704" /><!-- duration: 280ms -->
          </step><!-- duration: 284ms -->
          <step title="Cleaning up temporary deployment - fetch deployment was successful" date="2025-12-13T12:53:08.996" /><!-- duration: 10ms -->
        </step><!-- duration: 9153ms -->
      </step><!-- duration: 10582ms -->
