<step title="Incoming Request" date="2025-12-13T14:21:20.787" instance="d8ce03" url="/api/deployments/latest?deployer=GITHUB_ZIP_DEPLOY&amp;time=2025-12-13_14-20-28Z" method="GET" type="request" pid="768,1,7" Host="cinewave.scm.azurewebsites.net" User-Agent="GITHUBACTIONS_DeployWebAppToAzure_be248fa6b670439a91131d8c78d4b93875bac242bafab9c4e3b97bc48d7d5ee7" Authorization="Bas..." Content-Type="application/json; charset=utf-8" Cookie="ARRAffinity=d8ce030d10a8488f5af05adb44862a92568cc382a56095090ac9f1a788fb1dff;Path=/;HttpOnly;Secure;Domain=cinewave.scm.azurewebsites.net; ARRAffinitySameSite=d8ce030d10a8488f5af05adb44862a92568cc382a56095090ac9f1a788fb1dff;Path=/;HttpOnly;SameSite=None;Secure;Domain=cinewave.scm.azurewebsites.net" Content-Length="0" X-ARR-LOG-ID="3f5fd401-e108-4f79-9283-a585da9e883b" CLIENT-IP="52.234.41.66:33808" X-SITE-DEPLOYMENT-ID="CineWave" WAS-DEFAULT-HOSTNAME="cinewave.scm.azurewebsites.net" X-Forwarded-Proto="https" X-AppService-Proto="https" X-Forwarded-TlsVersion="1.3" X-WAWS-Unencoded-URL="/api/deployments/latest?deployer=GITHUB_ZIP_DEPLOY&amp;time=2025-12-13_14-20-28Z" X-Client-IP="52.234.41.66" X-Client-Port="33808" >
  <step title="Cleanup Xml Logs" date="2025-12-13T14:21:20.795" >
    <step title="Cleanup Infos" date="2025-12-13T14:21:20.868" totalFiles="473" totalCleanup="313" /><!-- duration: 20ms -->
  </step><!-- duration: 121ms -->
  <step title="DeploymentService.GetResult" date="2025-12-13T14:21:20.928" >
    <step title="DeploymentService.GetLatestDeployment" date="2025-12-13T14:21:20.946" >
      <step title="DeploymentManager.GetResults" date="2025-12-13T14:21:20.958" /><!-- duration: 502ms -->
    </step><!-- duration: 524ms -->
  </step><!-- duration: 552ms -->
  <step title="Outgoing response" date="2025-12-13T14:21:21.581" type="response" statusCode="202" statusText="Accepted" /><!-- duration: 19ms -->
</step><!-- duration: 814ms -->
