<step title="BackgroundTrace" date="2025-12-13T14:05:53.704" instance="d8ce03" url="/api/zipdeploy" method="POST" >
  <step title="Cleanup Xml Logs" date="2025-12-13T14:05:53.707" >
    <step title="Cleanup Infos" date="2025-12-13T14:05:53.719" totalFiles="376" totalCleanup="216" /><!-- duration: 4ms -->
  </step><!-- duration: 17ms -->
  <step title="Creating temporary deployment - FetchDeploymentManager" date="2025-12-13T14:05:53.783" /><!-- duration: 2ms -->
  <step title="Creating temporary deployment" date="2025-12-13T14:05:53.788" /><!-- duration: 43ms -->
  <step title="Performing fetch based deployment" date="2025-12-13T14:05:53.900" >
    <step title="Cleaning up temp folders from previous zip deployments and extracting pushed zip file /tmp/zipdeploy/10ccf86f-3810-46d3-97b6-bcf63b86065c.zip (88.01 MB) to /tmp/zipdeploy/extracted" date="2025-12-13T14:05:55.390" >
      <step title="ChmodRecursive Process exited with total time taken in ms: 438" date="2025-12-13T14:06:12.449" /><!-- duration: 5ms -->
    </step><!-- duration: 17068ms -->
    <step title="Deployment timer started" date="2025-12-13T14:06:14.474" >
      <step title="DeploymentManager.Deploy(id:e025384e-c4cf-44ed-a7ee-dc2534a43363)" date="2025-12-13T14:06:14.477" >
        <step title="Collecting changeset information" date="2025-12-13T14:06:14.502" /><!-- duration: 64ms -->
        <step title="Updating submodules" date="2025-12-13T14:06:14.569" /><!-- duration: 1080ms -->
        <step title="Determining deployment builder" date="2025-12-13T14:06:15.855" >
          <step title="Builder is OryxBuilder" date="2025-12-13T14:06:15.877" /><!-- duration: 1ms -->
        </step><!-- duration: 25ms -->
        <step title="PreDeployment: context.CleanOutputPath False" date="2025-12-13T14:06:15.919" >
          <step title="PreDeployment: context.OutputPath /home/site/wwwroot" date="2025-12-13T14:06:15.998" >
            <step title="Building" date="2025-12-13T14:06:16.119" >
              <step title="Executing external process" date="2025-12-13T14:06:16.351" type="process" path="bash" arguments="-c &quot;oryx build /tmp/zipdeploy/extracted -o /home/site/wwwroot --platform php --platform-version 8.2 -p virtualenv_name= --log-file /tmp/build-debug.log  -i /tmp/8de3a50c7e85b84 | tee /tmp/oryx-build.log ; exit $PIPESTATUS &quot;" 