<step title="Incoming Request" date="2025-12-13T13:46:27.397" instance="d8ce03" url="/api/deployments/latest?deployer=GITHUB_ZIP_DEPLOY&amp;time=2025-12-13_13-45-36Z" method="GET" type="request" pid="768,1,19" Host="cinewave.scm.azurewebsites.net" User-Agent="GITHUBACTIONS_DeployWebAppToAzure_be248fa6b670439a91131d8c78d4b93875bac242bafab9c4e3b97bc48d7d5ee7" Authorization="Bas..." Content-Type="application/json; charset=utf-8" Cookie="ARRAffinity=d8ce030d10a8488f5af05adb44862a92568cc382a56095090ac9f1a788fb1dff;Path=/;HttpOnly;Secure;Domain=cinewave.scm.azurewebsites.net; ARRAffinitySameSite=d8ce030d10a8488f5af05adb44862a92568cc382a56095090ac9f1a788fb1dff;Path=/;HttpOnly;SameSite=None;Secure;Domain=cinewave.scm.azurewebsites.net" Content-Length="0" X-ARR-LOG-ID="384e2b0d-5758-42c7-a545-a2c51e7d0e29" CLIENT-IP="172.182.226.214:7202" X-SITE-DEPLOYMENT-ID="CineWave" WAS-DEFAULT-HOSTNAME="cinewave.scm.azurewebsites.net" X-Forwarded-Proto="https" X-AppService-Proto="https" X-Forwarded-TlsVersion="1.3" X-WAWS-Unencoded-URL="/api/deployments/latest?deployer=GITHUB_ZIP_DEPLOY&amp;time=2025-12-13_13-45-36Z" X-Client-IP="172.182.226.214" X-Client-Port="7202" >
  <step title="Cleanup Xml Logs" date="2025-12-13T13:46:27.425" >
    <step title="Cleanup Infos" date="2025-12-13T13:46:27.447" totalFiles="314" totalCleanup="154" /><!-- duration: 9ms -->
  </step><!-- duration: 33ms -->
  <step title="DeploymentService.GetResult" date="2025-12-13T13:46:27.574" >
    <step title="DeploymentService.GetLatestDeployment" date="2025-12-13T13:46:27.583" >
      <step title="DeploymentManager.GetResults" date="2025-12-13T13:46:27.586" /><!-- duration: 418ms -->
    </step><!-- duration: 442ms -->
  </step><!-- duration: 460ms -->
  <step title="Outgoing response" date="2025-12-13T13:46:28.076" type="response" statusCode="202" statusText="Accepted" /><!-- duration: 27ms -->
</step><!-- duration: 709ms -->
