<step title="Incoming Request" date="2025-12-13T12:50:25.977" instance="d8ce03" url="/api/zipdeploy?isAsync=true&amp;deployer=GITHUB_ZIP_DEPLOY&amp;message=%7B%22type%22%3A%22deployment%22%2C%22sha%22%3A%229bc0955645411344844d2b188ef9db61bac771ff%22%2C%22repoName%22%3A%22Kiryzsuuu%2FCineWave%22%2C%22actor%22%3A%22Kiryzsuuu%22%2C%22slotName%22%3A%22production%22%2C%22commitMessage%22%3A%22Add%20startup%20script%20and%20nginx%20config%20for%20Azure%22%7D" method="POST" type="request" pid="772,1,20" Host="cinewave.scm.azurewebsites.net" User-Agent="GITHUBACTIONS_DeployWebAppToAzure_be248fa6b670439a91131d8c78d4b93875bac242bafab9c4e3b97bc48d7d5ee7" Authorization="Bas..." Content-Type="application/octet-stream" Cookie="ARRAffinity=d8ce030d10a8488f5af05adb44862a92568cc382a56095090ac9f1a788fb1dff;Path=/;HttpOnly;Secure;Domain=cinewave.scm.azurewebsites.net; ARRAffinitySameSite=d8ce030d10a8488f5af05adb44862a92568cc382a56095090ac9f1a788fb1dff;Path=/;HttpOnly;SameSite=None;Secure;Domain=cinewave.scm.azurewebsites.net" Transfer-Encoding="chunked" X-ARR-LOG-ID="4dc38c37-9f4e-45a8-9ab7-3e43ec9dafdc" CLIENT-IP="68.220.59.113:6153" X-SITE-DEPLOYMENT-ID="CineWave" WAS-DEFAULT-HOSTNAME="cinewave.scm.azurewebsites.net" X-Forwarded-Proto="https" X-AppService-Proto="https" X-Forwarded-TlsVersion="1.3" X-WAWS-Unencoded-URL="/api/zipdeploy?isAsync=true&amp;deployer=GITHUB_ZIP_DEPLOY&amp;message=%7B%22type%22%3A%22deployment%22%2C%22sha%22%3A%229bc0955645411344844d2b188ef9db61bac771ff%22%2C%22repoName%22%3A%22Kiryzsuuu%2FCineWave%22%2C%22actor%22%3A%22Kiryzsuuu%22%2C%22slotName%22%3A%22production%22%2C%22commitMessage%22%3A%22Add%20startup%20script%20and%20nginx%20config%20for%20Azure%22%7D" X-Client-IP="68.220.59.113" X-Client-Port="6153" >
  <step title="Cleanup Xml Logs" date="2025-12-13T12:50:26.270" /><!-- duration: 192ms -->
  <step title="ZipPushDeploy" date="2025-12-13T12:50:28.299" >
    <step title="ZipDeploy. Extract zip. Remote build." date="2025-12-13T12:50:28.470" /><!-- duration: 89ms -->
    <step title="None repository commit" date="2025-12-13T12:50:28.581" >
      <step title="Commit id: ed323cc0-fca7-4719-bd90-170b35e5ca00" date="2025-12-13T12:50:28.833" Message="N/A" AuthorName="N/A" AuthorEmail="N/A" /><!-- duration: 181ms -->
    </step><!-- duration: 554ms -->
    <step title="Starting PushDeployAsync" date="2025-12-13T12:50:29.214" /><!-- duration: 180ms -->
    <step title="Writing artifact to /tmp/zipdeploy/47ec2f59-d1ec-41d4-912e-49e128579744.zip" date="2025-12-13T12:50:29.748" >
      <step title="Writing multipart request body to /tmp/zipdeploy/47ec2f59-d1ec-41d4-912e-49e128579744.zip" date="2025-12-13T12:50:29.907" /><!-- duration: 201ms -->
    </step><!-- duration: 28066ms -->
    <step title="None repository commit" date="2025-12-13T12:50:57.824" >
      <step title="Commit id: ed323cc0-fca7-4719-bd90-170b35e5ca00" date="2025-12-13T12:50:57.842" Message="N/A" AuthorName="N/A" AuthorEmail="N/A" /><!-- duration: 2ms -->
    </step><!-- duration: 22ms -->
    <step title="Start deployment in the background" date="2025-12-13T12:50:57.850" >
      <step title="None repository commit" date="2025-12-13T12:50:57.926" >
        <step title="Commit id: ed323cc0-fca7-4719-bd90-170b35e5ca00" date="2025-12-13T12:50:57.927" Message="N/A" AuthorName="N/A" AuthorEmail="N/A" /><!-- duration: 2ms -->
      </step><!-- duration: 6ms -->
      <step title="Acquiring Deployment Lock" date="2025-12-13T12:50:57.934" /><!-- duration: 6ms -->
      <step title="Cannot Acquire Deployment Lock already held" date="2025-12-13T12:50:57.990" /><!-- duration: 16ms -->
    </step><!-- duration: 234ms -->
    <step title="There is a deployment currently in progress. Please try again when it completes." date="2025-12-13T12:50:58.092" /><!-- duration: 2ms -->
  </step><!-- duration: 29815ms -->
  <step title="Outgoing response" date="2025-12-13T12:50:58.212" type="response" statusCode="409" statusText="Conflict" /><!-- duration: 11ms -->
</step><!-- duration: 32268ms -->
