<step title="Incoming Request" date="2025-12-13T14:00:35.516" instance="d8ce03" url="/api/deployments/latest?deployer=GITHUB_ZIP_DEPLOY&amp;time=2025-12-13_14-00-09Z" method="GET" type="request" pid="770,1,20" Host="cinewave.scm.azurewebsites.net" User-Agent="GITHUBACTIONS_DeployWebAppToAzure_be248fa6b670439a91131d8c78d4b93875bac242bafab9c4e3b97bc48d7d5ee7" Authorization="Bas..." Content-Type="application/json; charset=utf-8" Cookie="ARRAffinity=d8ce030d10a8488f5af05adb44862a92568cc382a56095090ac9f1a788fb1dff;Path=/;HttpOnly;Secure;Domain=cinewave.scm.azurewebsites.net; ARRAffinitySameSite=d8ce030d10a8488f5af05adb44862a92568cc382a56095090ac9f1a788fb1dff;Path=/;HttpOnly;SameSite=None;Secure;Domain=cinewave.scm.azurewebsites.net" Content-Length="0" X-ARR-LOG-ID="30d44526-7b77-4fb1-a169-82c7c34cc09b" CLIENT-IP="13.83.166.226:34817" X-SITE-DEPLOYMENT-ID="CineWave" WAS-DEFAULT-HOSTNAME="cinewave.scm.azurewebsites.net" X-Forwarded-Proto="https" X-AppService-Proto="https" X-Forwarded-TlsVersion="1.3" X-WAWS-Unencoded-URL="/api/deployments/latest?deployer=GITHUB_ZIP_DEPLOY&amp;time=2025-12-13_14-00-09Z" X-Client-IP="13.83.166.226" X-Client-Port="34817" >
  <step title="Cleanup Xml Logs" date="2025-12-13T14:00:35.517" >
    <step title="Cleanup Infos" date="2025-12-13T14:00:35.525" totalFiles="351" totalCleanup="191" /><!-- duration: 2ms -->
  </step><!-- duration: 12ms -->
  <step title="DeploymentService.GetResult" date="2025-12-13T14:00:35.536" >
    <step title="DeploymentService.GetLatestDeployment" date="2025-12-13T14:00:35.538" >
      <step title="DeploymentManager.GetResults" date="2025-12-13T14:00:35.540" /><!-- duration: 215ms -->
    </step><!-- duration: 219ms -->
  </step><!-- duration: 230ms -->
  <step title="Outgoing response" date="2025-12-13T14:00:35.775" type="response" statusCode="202" statusText="Accepted" /><!-- duration: 9ms -->
</step><!-- duration: 271ms -->
