<step title="Incoming Request" date="2025-12-13T14:00:41.669" instance="d8ce03" url="/api/deployments/latest?deployer=GITHUB_ZIP_DEPLOY&amp;time=2025-12-13_14-00-09Z" method="GET" type="request" pid="770,1,20" Host="cinewave.scm.azurewebsites.net" User-Agent="GITHUBACTIONS_DeployWebAppToAzure_be248fa6b670439a91131d8c78d4b93875bac242bafab9c4e3b97bc48d7d5ee7" Authorization="Bas..." Content-Type="application/json; charset=utf-8" Cookie="ARRAffinity=d8ce030d10a8488f5af05adb44862a92568cc382a56095090ac9f1a788fb1dff;Path=/;HttpOnly;Secure;Domain=cinewave.scm.azurewebsites.net; ARRAffinitySameSite=d8ce030d10a8488f5af05adb44862a92568cc382a56095090ac9f1a788fb1dff;Path=/;HttpOnly;SameSite=None;Secure;Domain=cinewave.scm.azurewebsites.net" Content-Length="0" X-ARR-LOG-ID="d82ffe03-f1af-4812-9b91-501d168de229" CLIENT-IP="13.83.166.226:34816" X-SITE-DEPLOYMENT-ID="CineWave" WAS-DEFAULT-HOSTNAME="cinewave.scm.azurewebsites.net" X-Forwarded-Proto="https" X-AppService-Proto="https" X-Forwarded-TlsVersion="1.3" X-WAWS-Unencoded-URL="/api/deployments/latest?deployer=GITHUB_ZIP_DEPLOY&amp;time=2025-12-13_14-00-09Z" X-Client-IP="13.83.166.226" X-Client-Port="34816" >
  <step title="Cleanup Xml Logs" date="2025-12-13T14:00:41.689" >
    <step title="Cleanup Infos" date="2025-12-13T14:00:41.791" totalFiles="352" totalCleanup="192" /><!-- duration: 62ms -->
  </step><!-- duration: 183ms -->
  <step title="DeploymentService.GetResult" date="2025-12-13T14:00:41.893" >
    <step title="DeploymentService.GetLatestDeployment" date="2025-12-13T14:00:41.903" >
      <step title="DeploymentManager.GetResults" date="2025-12-13T14:00:41.913" /><!-- duration: 442ms -->
    </step><!-- duration: 461ms -->
  </step><!-- duration: 481ms -->
  <step title="Outgoing response" date="2025-12-13T14:00:42.394" type="response" statusCode="202" statusText="Accepted" /><!-- duration: 10ms -->
</step><!-- duration: 746ms -->
