<step title="Incoming Request" date="2025-12-13T14:19:02.597" instance="d8ce03" url="/api/zipdeploy?isAsync=true&amp;deployer=GITHUB_ZIP_DEPLOY&amp;message=%7B%22type%22%3A%22deployment%22%2C%22sha%22%3A%22686163a5d2de08d1e17aa62697ec9c12afd2a8a7%22%2C%22repoName%22%3A%22Kiryzsuuu%2FCineWave%22%2C%22actor%22%3A%22Kiryzsuuu%22%2C%22slotName%22%3A%22production%22%2C%22commitMessage%22%3A%22Add%20root%20index.php%20to%20forward%20to%20Laravel%20public%22%7D" method="POST" type="request" pid="768,1,20" Host="cinewave.scm.azurewebsites.net" User-Agent="GITHUBACTIONS_DeployWebAppToAzure_be248fa6b670439a91131d8c78d4b93875bac242bafab9c4e3b97bc48d7d5ee7" Authorization="Bas..." Content-Type="application/octet-stream" Cookie="ARRAffinity=d8ce030d10a8488f5af05adb44862a92568cc382a56095090ac9f1a788fb1dff;Path=/;HttpOnly;Secure;Domain=cinewave.scm.azurewebsites.net; ARRAffinitySameSite=d8ce030d10a8488f5af05adb44862a92568cc382a56095090ac9f1a788fb1dff;Path=/;HttpOnly;SameSite=None;Secure;Domain=cinewave.scm.azurewebsites.net" Transfer-Encoding="chunked" X-ARR-LOG-ID="f41fd666-f54a-44b6-ac56-e83443fc997f" CLIENT-IP="52.234.41.66:33809" X-SITE-DEPLOYMENT-ID="CineWave" WAS-DEFAULT-HOSTNAME="cinewave.scm.azurewebsites.net" X-Forwarded-Proto="https" X-AppService-Proto="https" X-Forwarded-TlsVersion="1.3" X-WAWS-Unencoded-URL="/api/zipdeploy?isAsync=true&amp;deployer=GITHUB_ZIP_DEPLOY&amp;message=%7B%22type%22%3A%22deployment%22%2C%22sha%22%3A%22686163a5d2de08d1e17aa62697ec9c12afd2a8a7%22%2C%22repoName%22%3A%22Kiryzsuuu%2FCineWave%22%2C%22actor%22%3A%22Kiryzsuuu%22%2C%22slotName%22%3A%22production%22%2C%22commitMessage%22%3A%22Add%20root%20index.php%20to%20forward%20to%20Laravel%20public%22%7D" X-Client-IP="52.234.41.66" X-Client-Port="33809" >
  <step title="Cleanup Xml Logs" date="2025-12-13T14:19:02.599" >
    <step title="Cleanup Infos" date="2025-12-13T14:19:02.627" totalFiles="450" totalCleanup="290" /><!-- duration: 9ms -->
  </step><!-- duration: 39ms -->
  <step title="ZipPushDeploy" date="2025-12-13T14:19:02.655" >
    <step title="ZipDeploy. Extract zip. Remote build." date="2025-12-13T14:19:02.666" /><!-- duration: 8ms -->
    <step title="Starting PushDeployAsync" date="2025-12-13T14:19:02.677" /><!-- duration: 7ms -->
    <step title="Writing artifact to /tmp/zipdeploy/3960344b-2bca-4037-84fb-317b449f523a.zip" date="2025-12-13T14:19:02.696" >
      <step title="Writing multipart request body to /tmp/zipdeploy/3960344b-2bca-4037-84fb-317b449f523a.zip" date="2025-12-13T14:19:02.703" /><!-- duration: 3ms -->
    </step><!-- duration: 11399ms -->
    <step title="Start deployment in the background" date="2025-12-13T14:19:14.144" >
      <step title="Acquiring Deployment Lock" date="2025-12-13T14:19:14.275" /><!-- duration: 2ms -->
      <step title="Cannot Acquire Deployment Lock already held" date="2025-12-13T14:19:14.284" /><!-- duration: 4ms -->
    </step><!-- duration: 183ms -->
    <step title="There is a deployment currently in progress. Please try again when it completes." date="2025-12-13T14:19:14.339" /><!-- duration: 2ms -->
  </step><!-- duration: 11689ms -->
  <step title="Outgoing response" date="2025-12-13T14:19:14.349" type="response" statusCode="409" statusText="Conflict" /><!-- duration: 3ms -->
</step><!-- duration: 11762ms -->
