<step title="Incoming Request" date="2025-12-13T12:51:51.507" instance="d8ce03" url="/api/zipdeploy?isAsync=true&amp;deployer=GITHUB_ZIP_DEPLOY&amp;message=%7B%22type%22%3A%22deployment%22%2C%22sha%22%3A%229bc0955645411344844d2b188ef9db61bac771ff%22%2C%22repoName%22%3A%22Kiryzsuuu%2FCineWave%22%2C%22actor%22%3A%22Kiryzsuuu%22%2C%22slotName%22%3A%22production%22%2C%22commitMessage%22%3A%22Add%20startup%20script%20and%20nginx%20config%20for%20Azure%22%7D" method="POST" type="request" pid="768,1,15" Host="cinewave.scm.azurewebsites.net" User-Agent="GITHUBACTIONS_DeployWebAppToAzure_be248fa6b670439a91131d8c78d4b93875bac242bafab9c4e3b97bc48d7d5ee7" Authorization="Bas..." Content-Type="application/octet-stream" Cookie="ARRAffinity=d8ce030d10a8488f5af05adb44862a92568cc382a56095090ac9f1a788fb1dff;Path=/;HttpOnly;Secure;Domain=cinewave.scm.azurewebsites.net; ARRAffinitySameSite=d8ce030d10a8488f5af05adb44862a92568cc382a56095090ac9f1a788fb1dff;Path=/;HttpOnly;SameSite=None;Secure;Domain=cinewave.scm.azurewebsites.net" Transfer-Encoding="chunked" X-ARR-LOG-ID="f43e8084-1cd2-4c1a-b7a7-5a7f07879d6a" CLIENT-IP="68.220.59.113:6153" X-SITE-DEPLOYMENT-ID="CineWave" WAS-DEFAULT-HOSTNAME="cinewave.scm.azurewebsites.net" X-Forwarded-Proto="https" X-AppService-Proto="https" X-Forwarded-TlsVersion="1.3" X-WAWS-Unencoded-URL="/api/zipdeploy?isAsync=true&amp;deployer=GITHUB_ZIP_DEPLOY&amp;message=%7B%22type%22%3A%22deployment%22%2C%22sha%22%3A%229bc0955645411344844d2b188ef9db61bac771ff%22%2C%22repoName%22%3A%22Kiryzsuuu%2FCineWave%22%2C%22actor%22%3A%22Kiryzsuuu%22%2C%22slotName%22%3A%22production%22%2C%22commitMessage%22%3A%22Add%20startup%20script%20and%20nginx%20config%20for%20Azure%22%7D" X-Client-IP="68.220.59.113" X-Client-Port="6153" >
  <step title="ZipPushDeploy" date="2025-12-13T12:51:54.180" >
    <step title="ZipDeploy. Extract zip. Remote build." date="2025-12-13T12:51:54.209" /><!-- duration: 9ms -->
    <step title="None repository commit" date="2025-12-13T12:51:54.230" >
      <step title="Commit id: 23496d21-246f-45e4-af5f-ad8671a41d94" date="2025-12-13T12:51:54.241" Message="N/A" AuthorName="N/A" AuthorEmail="N/A" /><!-- duration: 8ms -->
    </step><!-- duration: 29ms -->
    <step title="Starting PushDeployAsync" date="2025-12-13T12:51:54.261" /><!-- duration: 2ms -->
    <step title="Writing artifact to /tmp/zipdeploy/63ca7696-6ccc-4081-8d36-2b4e34c3f674.zip" date="2025-12-13T12:51:54.290" >
      <step title="Writing multipart request body to /tmp/zipdeploy/63ca7696-6ccc-4081-8d36-2b4e34c3f674.zip" date="2025-12-13T12:51:54.298" /><!-- duration: 11ms -->
    </step><!-- duration: 6866ms -->
    <step title="None repository commit" date="2025-12-13T12:52:01.476" >
      <step title="Commit id: 23496d21-246f-45e4-af5f-ad8671a41d94" date="2025-12-13T12:52:01.506" Message="N/A" AuthorName="N/A" AuthorEmail="N/A" /><!-- duration: 41ms -->
    </step><!-- duration: 81ms -->
    <step title="Start deployment in the background" date="2025-12-13T12:52:01.577" >
      <step title="None repository commit" date="2025-12-13T12:52:01.849" >
        <step title="Commit id: 23496d21-246f-45e4-af5f-ad8671a41d94" date="2025-12-13T12:52:01.927" Message="N/A" AuthorName="N/A" AuthorEmail="N/A" /><!-- duration: 10ms -->
      </step><!-- duration: 99ms -->
      <step title="Acquiring Deployment Lock" date="2025-12-13T12:52:01.989" /><!-- duration: 142ms -->
      <step title="Acquired Deployment Lock" date="2025-12-13T12:52:02.641" /><!-- duration: 62ms -->
    </step><!-- duration: 1869ms -->
  </step><!-- duration: 9436ms -->
  <step title="Outgoing response" date="2025-12-13T12:52:03.897" type="response" statusCode="202" statusText="Accepted" /><!-- duration: 42ms -->
</step><!-- duration: 12522ms -->
