<step title="Incoming Request" date="2025-12-13T14:05:00.883" instance="d8ce03" url="/deploy?scmType=ExternalGit&amp;isAsync=true" method="POST" type="request" pid="778,1,14" Host="cinewave.scm.azurewebsites.net" User-Agent="Azure-WebSites-Controller/106.0.7.121" Authorization="Bas..." Expect="100-continue" Content-Length="81" x-ms-request-id="a9aec6c6-a253-41e6-bad3-ddbbc1487158" X-ARR-LOG-ID="a9aec6c6-a253-41e6-bad3-ddbbc1487158" CLIENT-IP="70.153.161.0:1547" X-SITE-DEPLOYMENT-ID="CineWave" WAS-DEFAULT-HOSTNAME="cinewave.scm.azurewebsites.net" X-MS-PLATFORM-INTERNAL="True" X-Forwarded-Proto="https" X-AppService-Proto="https" X-Forwarded-TlsVersion="1.3" X-WAWS-Unencoded-URL="/deploy?scmType=ExternalGit&amp;isAsync=true" X-Client-IP="70.153.161.0" X-Client-Port="1547" >
  <step title="Cleanup Xml Logs" date="2025-12-13T14:05:00.924" >
    <step title="Cleanup Infos" date="2025-12-13T14:05:00.963" totalFiles="370" totalCleanup="210" /><!-- duration: 21ms -->
  </step><!-- duration: 70ms -->
  <step title="FetchHandler" date="2025-12-13T14:05:01.578" >
    <step title="Executing external process" date="2025-12-13T14:05:02.963" type="process" path="git" arguments="rev-parse --git-dir" /><!-- duration: 1690ms -->
    <step title="Executing external process" date="2025-12-13T14:05:04.693" type="process" path="git" arguments="rev-parse --git-dir" /><!-- duration: 71ms -->
    <step title="Executing external process" date="2025-12-13T14:05:04.785" type="process" path="git" arguments="log -n 1 master --" >
      <step title="Process dump" date="2025-12-13T14:05:05.265" exitCode="128" type="processOutput" /><!-- duration: 11ms -->
    </step><!-- duration: 501ms -->
    <step title="Start deployment in the background" date="2025-12-13T14:05:05.369" >
      <step title="Executing external process" date="2025-12-13T14:05:05.548" type="process" path="git" arguments="rev-parse --git-dir" /><!-- duration: 844ms -->
      <step title="Executing external process" date="2025-12-13T14:05:06.552" type="process" path="git" arguments="rev-parse --git-dir" /><!-- duration: 334ms -->
      <step title="Executing external process" date="2025-12-13T14:05:06.957" type="process" path="git" arguments="log -n 1 master --" >
        <step title="Process dump" date="2025-12-13T14:05:07.266" exitCode="128" type="processOutput" /><!-- duration: 20ms -->
      </step><!-- duration: 340ms -->
      <step title="Acquiring Deployment Lock" date="2025-12-13T14:05:07.316" /><!-- duration: 21ms -->
      <step title="Acquired Deployment Lock" date="2025-12-13T14:05:07.756" /><!-- duration: 38ms -->
    </step><!-- duration: 2782ms -->
  </step><!-- duration: 6658ms -->
  <step title="Outgoing response" date="2025-12-13T14:05:08.249" type="response" statusCode="202" statusText="Accepted" /><!-- duration: 9ms -->
</step><!-- duration: 7384ms -->
