<step title="Incoming Request" date="2025-12-13T14:17:56.200" instance="d8ce03" url="/api/deployments/latest?deployer=GITHUB_ZIP_DEPLOY&amp;time=2025-12-13_14-15-58Z" method="GET" type="request" pid="768,1,22" Host="cinewave.scm.azurewebsites.net" User-Agent="GITHUBACTIONS_DeployWebAppToAzure_be248fa6b670439a91131d8c78d4b93875bac242bafab9c4e3b97bc48d7d5ee7" Authorization="Bas..." Content-Type="application/json; charset=utf-8" Cookie="ARRAffinity=d8ce030d10a8488f5af05adb44862a92568cc382a56095090ac9f1a788fb1dff;Path=/;HttpOnly;Secure;Domain=cinewave.scm.azurewebsites.net; ARRAffinitySameSite=d8ce030d10a8488f5af05adb44862a92568cc382a56095090ac9f1a788fb1dff;Path=/;HttpOnly;SameSite=None;Secure;Domain=cinewave.scm.azurewebsites.net" Content-Length="0" X-ARR-LOG-ID="e0d97989-de55-41ca-812b-e97c9f301841" CLIENT-IP="57.151.138.242:17434" X-SITE-DEPLOYMENT-ID="CineWave" WAS-DEFAULT-HOSTNAME="cinewave.scm.azurewebsites.net" X-Forwarded-Proto="https" X-AppService-Proto="https" X-Forwarded-TlsVersion="1.3" X-WAWS-Unencoded-URL="/api/deployments/latest?deployer=GITHUB_ZIP_DEPLOY&amp;time=2025-12-13_14-15-58Z" X-Client-IP="57.151.138.242" X-Client-Port="17434" >
  <step title="Cleanup Xml Logs" date="2025-12-13T14:17:56.201" >
    <step title="Cleanup Infos" date="2025-12-13T14:17:56.221" totalFiles="436" totalCleanup="276" /><!-- duration: 18ms -->
  </step><!-- duration: 48ms -->
  <step title="DeploymentService.GetResult" date="2025-12-13T14:17:56.270" >
    <step title="DeploymentService.GetLatestDeployment" date="2025-12-13T14:17:56.289" >
      <step title="DeploymentManager.GetResults" date="2025-12-13T14:17:56.291" /><!-- duration: 583ms -->
    </step><!-- duration: 605ms -->
  </step><!-- duration: 633ms -->
  <step title="Outgoing response" date="2025-12-13T14:17:56.905" type="response" statusCode="202" statusText="Accepted" /><!-- duration: 10ms -->
</step><!-- duration: 724ms -->
