<step title="Incoming Request" date="2025-12-13T14:22:32.666" instance="d8ce03" url="/api/deployments/latest?deployer=GITHUB_ZIP_DEPLOY&amp;time=2025-12-13_14-20-28Z" method="GET" type="request" pid="768,1,23" Host="cinewave.scm.azurewebsites.net" User-Agent="GITHUBACTIONS_DeployWebAppToAzure_be248fa6b670439a91131d8c78d4b93875bac242bafab9c4e3b97bc48d7d5ee7" Authorization="Bas..." Content-Type="application/json; charset=utf-8" Cookie="ARRAffinity=d8ce030d10a8488f5af05adb44862a92568cc382a56095090ac9f1a788fb1dff;Path=/;HttpOnly;Secure;Domain=cinewave.scm.azurewebsites.net; ARRAffinitySameSite=d8ce030d10a8488f5af05adb44862a92568cc382a56095090ac9f1a788fb1dff;Path=/;HttpOnly;SameSite=None;Secure;Domain=cinewave.scm.azurewebsites.net" Content-Length="0" X-ARR-LOG-ID="4e1af4c4-513a-43f5-a17f-184008d01b9c" CLIENT-IP="52.234.41.66:33810" X-SITE-DEPLOYMENT-ID="CineWave" WAS-DEFAULT-HOSTNAME="cinewave.scm.azurewebsites.net" X-Forwarded-Proto="https" X-AppService-Proto="https" X-Forwarded-TlsVersion="1.3" X-WAWS-Unencoded-URL="/api/deployments/latest?deployer=GITHUB_ZIP_DEPLOY&amp;time=2025-12-13_14-20-28Z" X-Client-IP="52.234.41.66" X-Client-Port="33810" >
  <step title="Cleanup Xml Logs" date="2025-12-13T14:22:32.766" >
    <step title="Cleanup Infos" date="2025-12-13T14:22:33.084" totalFiles="484" totalCleanup="324" /><!-- duration: 81ms -->
  </step><!-- duration: 408ms -->
  <step title="DeploymentService.GetResult" date="2025-12-13T14:22:33.327" >
    <step title="DeploymentService.GetLatestDeployment" date="2025-12-13T14:22:33.489" >
      <step title="DeploymentManager.GetResults" date="2025-12-13T14:22:33.527" /><!-- duration: 1962ms -->
    </step><!-- duration: 2070ms -->
  </step><!-- duration: 2262ms -->
  <step title="Outgoing response" date="2025-12-13T14:22:35.710" type="response" statusCode="202" statusText="Accepted" /><!-- duration: 181ms -->
</step><!-- duration: 3245ms -->
