<step title="Incoming Request" date="2025-12-13T14:19:36.700" instance="d8ce03" url="/api/deployments/latest?deployer=GITHUB_ZIP_DEPLOY&amp;time=2025-12-13_14-15-58Z" method="GET" type="request" pid="768,1,24" Host="cinewave.scm.azurewebsites.net" User-Agent="GITHUBACTIONS_DeployWebAppToAzure_be248fa6b670439a91131d8c78d4b93875bac242bafab9c4e3b97bc48d7d5ee7" Authorization="Bas..." Content-Type="application/json; charset=utf-8" Cookie="ARRAffinity=d8ce030d10a8488f5af05adb44862a92568cc382a56095090ac9f1a788fb1dff;Path=/;HttpOnly;Secure;Domain=cinewave.scm.azurewebsites.net; ARRAffinitySameSite=d8ce030d10a8488f5af05adb44862a92568cc382a56095090ac9f1a788fb1dff;Path=/;HttpOnly;SameSite=None;Secure;Domain=cinewave.scm.azurewebsites.net" Content-Length="0" X-ARR-LOG-ID="0cdba19d-bea4-41d1-b327-c659047f2ea6" CLIENT-IP="57.151.138.242:17447" X-SITE-DEPLOYMENT-ID="CineWave" WAS-DEFAULT-HOSTNAME="cinewave.scm.azurewebsites.net" X-Forwarded-Proto="https" X-AppService-Proto="https" X-Forwarded-TlsVersion="1.3" X-WAWS-Unencoded-URL="/api/deployments/latest?deployer=GITHUB_ZIP_DEPLOY&amp;time=2025-12-13_14-15-58Z" X-Client-IP="57.151.138.242" X-Client-Port="17447" >
  <step title="Cleanup Xml Logs" date="2025-12-13T14:19:36.709" >
    <step title="Cleanup Infos" date="2025-12-13T14:19:36.723" totalFiles="458" totalCleanup="298" /><!-- duration: 6ms -->
  </step><!-- duration: 26ms -->
  <step title="DeploymentService.GetResult" date="2025-12-13T14:19:36.757" >
    <step title="DeploymentService.GetLatestDeployment" date="2025-12-13T14:19:36.768" >
      <step title="DeploymentManager.GetResults" date="2025-12-13T14:19:36.777" /><!-- duration: 604ms -->
    </step><!-- duration: 619ms -->
  </step><!-- duration: 640ms -->
  <step title="Outgoing response" date="2025-12-13T14:19:37.416" type="response" statusCode="202" statusText="Accepted" /><!-- duration: 31ms -->
</step><!-- duration: 774ms -->
