<step title="BackgroundTrace" date="2025-12-13T14:00:09.072" instance="d8ce03" url="/api/zipdeploy" method="POST" >
  <step title="Cleanup Xml Logs" date="2025-12-13T14:00:09.074" >
    <step title="Cleanup Infos" date="2025-12-13T14:00:09.079" totalFiles="346" totalCleanup="186" /><!-- duration: 4ms -->
  </step><!-- duration: 11ms -->
  <step title="Creating temporary deployment - FetchDeploymentManager" date="2025-12-13T14:00:09.135" /><!-- duration: 2ms -->
  <step title="Creating temporary deployment" date="2025-12-13T14:00:09.139" /><!-- duration: 95ms -->
  <step title="Performing fetch based deployment" date="2025-12-13T14:00:09.306" >
    <step title="Cleaning up temp folders from previous zip deployments and extracting pushed zip file /tmp/zipdeploy/cdeca671-5b8a-42b3-ab7a-283f43bb1460.zip (88.01 MB) to /tmp/zipdeploy/extracted" date="2025-12-13T14:00:10.584" >
      <step title="ChmodRecursive Process exited with total time taken in ms: 431" date="2025-12-13T14:00:22.323" /><!-- duration: 4ms -->
    </step><!-- duration: 11752ms -->
    <step title="Deployment timer started" date="2025-12-13T14:00:24.352" >
      <step title="DeploymentManager.Deploy(id:c4d2c26b-d583-4b6b-8cf1-7659c899f449)" date="2025-12-13T14:00:24.360" >
        <step title="Collecting changeset information" date="2025-12-13T14:00:24.399" /><!-- duration: 70ms -->
        <step title="Updating submodules" date="2025-12-13T14:00:24.475" /><!-- duration: 1144ms -->
        <step title="Determining deployment builder" date="2025-12-13T14:00:25.804" >
          <step title="Builder is OryxBuilder" date="2025-12-13T14:00:25.835" /><!-- duration: 2ms -->
        </step><!-- duration: 38ms -->
        <step title="PreDeployment: context.CleanOutputPath False" date="2025-12-13T14:00:25.880" >
          <step title="PreDeployment: context.OutputPath /home/site/wwwroot" date="2025-12-13T14:00:25.993" >
            <step title="Building" date="2025-12-13T14:00:26.097" >
              <step title="Executing external process" date="2025-12-13T14:00:26.355" type="process" path="bash" arguments="-c &quot;oryx build /tmp/zipdeploy/extracted -o /home/site/wwwroot --platform php --platform-version 8.2 -p virtualenv_name= --log-file /tmp/build-debug.log  -i /tmp/8de3a4ff7452c98 | tee /tmp/oryx-build.log ; exit $PIPESTATUS &quot;" >
                <step title="Cpu: rsync(849,0.410s)+rsync(848,0.070s)+rsync(847,0.880s)+build.sh(843,0.020s)+oryx(812,9.680s)+tee(813,0.000s)+bash(811,0.010s)=total(11.070s)" date="2025-12-13T14:02:15.416" /><!-- duration: 31ms -->
                <step title="bash: no io activity for 61s, prev-cpu=-1.000s, current-cpu=11.070s" date="2025-12-13T14:02:15.498" /><!-- duration: 20ms -->
