<step title="Incoming Request" date="2025-12-13T13:47:12.143" instance="d8ce03" url="/api/deployments/latest?deployer=GITHUB_ZIP_DEPLOY&amp;time=2025-12-13_13-45-36Z" method="GET" type="request" pid="768,1,18" Host="cinewave.scm.azurewebsites.net" User-Agent="GITHUBACTIONS_DeployWebAppToAzure_be248fa6b670439a91131d8c78d4b93875bac242bafab9c4e3b97bc48d7d5ee7" Authorization="Bas..." Content-Type="application/json; charset=utf-8" Cookie="ARRAffinity=d8ce030d10a8488f5af05adb44862a92568cc382a56095090ac9f1a788fb1dff;Path=/;HttpOnly;Secure;Domain=cinewave.scm.azurewebsites.net; ARRAffinitySameSite=d8ce030d10a8488f5af05adb44862a92568cc382a56095090ac9f1a788fb1dff;Path=/;HttpOnly;SameSite=None;Secure;Domain=cinewave.scm.azurewebsites.net" Content-Length="0" X-ARR-LOG-ID="e0fe3522-7cb8-41c5-adcb-282d8ce7f1b5" CLIENT-IP="172.182.226.214:7202" X-SITE-DEPLOYMENT-ID="CineWave" WAS-DEFAULT-HOSTNAME="cinewave.scm.azurewebsites.net" X-Forwarded-Proto="https" X-AppService-Proto="https" X-Forwarded-TlsVersion="1.3" X-WAWS-Unencoded-URL="/api/deployments/latest?deployer=GITHUB_ZIP_DEPLOY&amp;time=2025-12-13_13-45-36Z" X-Client-IP="172.182.226.214" X-Client-Port="7202" >
  <step title="Cleanup Xml Logs" date="2025-12-13T13:47:12.145" >
    <step title="Cleanup Infos" date="2025-12-13T13:47:13.070" totalFiles="320" totalCleanup="160" /><!-- duration: 282ms -->
  </step><!-- duration: 1337ms -->
  <step title="DeploymentService.GetResult" date="2025-12-13T13:47:13.694" >
    <step title="DeploymentService.GetLatestDeployment" date="2025-12-13T13:47:13.935" >
      <step title="DeploymentManager.GetResults" date="2025-12-13T13:47:14.004" /><!-- duration: 3382ms -->
    </step><!-- duration: 3683ms -->
  </step><!-- duration: 4154ms -->
  <step title="Outgoing response" date="2025-12-13T13:47:18.076" type="response" statusCode="202" statusText="Accepted" /><!-- duration: 32ms -->
</step><!-- duration: 5996ms -->
