<step title="Incoming Request" date="2025-12-13T14:22:47.487" instance="d8ce03" url="/api/zipdeploy?isAsync=true&amp;deployer=GITHUB_ZIP_DEPLOY&amp;message=%7B%22type%22%3A%22deployment%22%2C%22sha%22%3A%22be34f56a77d7c6d094db8e48d8f31d2df6a9cf54%22%2C%22repoName%22%3A%22Kiryzsuuu%2FCineWave%22%2C%22actor%22%3A%22Kiryzsuuu%22%2C%22slotName%22%3A%22production%22%2C%22commitMessage%22%3A%22Add%20nginx%20config%20and%20test%20files%20for%20Azure%20deployment%22%7D" method="POST" type="request" pid="768,1,23" Host="cinewave.scm.azurewebsites.net" User-Agent="GITHUBACTIONS_DeployWebAppToAzure_be248fa6b670439a91131d8c78d4b93875bac242bafab9c4e3b97bc48d7d5ee7" Authorization="Bas..." Content-Type="application/octet-stream" Cookie="ARRAffinity=d8ce030d10a8488f5af05adb44862a92568cc382a56095090ac9f1a788fb1dff;Path=/;HttpOnly;Secure;Domain=cinewave.scm.azurewebsites.net; ARRAffinitySameSite=d8ce030d10a8488f5af05adb44862a92568cc382a56095090ac9f1a788fb1dff;Path=/;HttpOnly;SameSite=None;Secure;Domain=cinewave.scm.azurewebsites.net" Transfer-Encoding="chunked" X-ARR-LOG-ID="ac8b3ef0-668b-46dc-b05d-982302cdef33" CLIENT-IP="132.196.82.5:46081" X-SITE-DEPLOYMENT-ID="CineWave" WAS-DEFAULT-HOSTNAME="cinewave.scm.azurewebsites.net" X-Forwarded-Proto="https" X-AppService-Proto="https" X-Forwarded-TlsVersion="1.3" X-WAWS-Unencoded-URL="/api/zipdeploy?isAsync=true&amp;deployer=GITHUB_ZIP_DEPLOY&amp;message=%7B%22type%22%3A%22deployment%22%2C%22sha%22%3A%22be34f56a77d7c6d094db8e48d8f31d2df6a9cf54%22%2C%22repoName%22%3A%22Kiryzsuuu%2FCineWave%22%2C%22actor%22%3A%22Kiryzsuuu%22%2C%22slotName%22%3A%22production%22%2C%22commitMessage%22%3A%22Add%20nginx%20config%20and%20test%20files%20for%20Azure%20deployment%22%7D" X-Client-IP="132.196.82.5" X-Client-Port="46081" >
  <step title="Cleanup Xml Logs" date="2025-12-13T14:22:47.525" >
    <step title="Cleanup Infos" date="2025-12-13T14:22:47.915" totalFiles="488" totalCleanup="328" /><!-- duration: 70ms -->
  </step><!-- duration: 531ms -->
  <step title="ZipPushDeploy" date="2025-12-13T14:22:48.257" >
    <step title="ZipDeploy. Extract zip. Remote build." date="2025-12-13T14:22:48.406" /><!-- duration: 53ms -->
    <step title="Starting PushDeployAsync" date="2025-12-13T14:22:48.518" /><!-- duration: 71ms -->
    <step title="Writing artifact to /tmp/zipdeploy/905d16a7-8e5c-4d66-9c0a-c118a691d783.zip" date="2025-12-13T14:22:49.112" >
      <step title="Writing multipart request body to /tmp/zipdeploy/905d16a7-8e5c-4d66-9c0a-c118a691d783.zip" date="2025-12-13T14:22:49.282" /><!-- duration: 170ms -->
    </step><!-- duration: 14779ms -->
    <step title="Start deployment in the background" date="2025-12-13T14:23:03.960" >
      <step title="Acquiring Deployment Lock" date="2025-12-13T14:23:04.512" /><!-- duration: 30ms -->
      <step title="Cannot Acquire Deployment Lock already held" date="2025-12-13T14:23:04.736" /><!-- duration: 29ms -->
    </step><!-- duration: 1015ms -->
    <step title="There is a deployment currently in progress. Please try again when it completes." date="2025-12-13T14:23:05.001" /><!-- duration: 42ms -->
  </step><!-- duration: 16817ms -->
  <step title="Outgoing response" date="2025-12-13T14:23:05.124" type="response" statusCode="409" statusText="Conflict" /><!-- duration: 81ms -->
</step><!-- duration: 17836ms -->
