<step title="Incoming Request" date="2025-12-13T14:02:33.675" instance="d8ce03" url="/api/deployments/latest?deployer=GITHUB_ZIP_DEPLOY&amp;time=2025-12-13_14-00-09Z" method="GET" type="request" pid="770,1,22" Host="cinewave.scm.azurewebsites.net" User-Agent="GITHUBACTIONS_DeployWebAppToAzure_be248fa6b670439a91131d8c78d4b93875bac242bafab9c4e3b97bc48d7d5ee7" Authorization="Bas..." Content-Type="application/json; charset=utf-8" Cookie="ARRAffinity=d8ce030d10a8488f5af05adb44862a92568cc382a56095090ac9f1a788fb1dff;Path=/;HttpOnly;Secure;Domain=cinewave.scm.azurewebsites.net; ARRAffinitySameSite=d8ce030d10a8488f5af05adb44862a92568cc382a56095090ac9f1a788fb1dff;Path=/;HttpOnly;SameSite=None;Secure;Domain=cinewave.scm.azurewebsites.net" Content-Length="0" X-ARR-LOG-ID="45b05561-9579-4560-8f93-15c32d8e33e0" CLIENT-IP="13.83.166.226:34816" X-SITE-DEPLOYMENT-ID="CineWave" WAS-DEFAULT-HOSTNAME="cinewave.scm.azurewebsites.net" X-Forwarded-Proto="https" X-AppService-Proto="https" X-Forwarded-TlsVersion="1.3" X-WAWS-Unencoded-URL="/api/deployments/latest?deployer=GITHUB_ZIP_DEPLOY&amp;time=2025-12-13_14-00-09Z" X-Client-IP="13.83.166.226" X-Client-Port="34816" >
  <step title="Cleanup Xml Logs" date="2025-12-13T14:02:33.694" >
    <step title="Cleanup Infos" date="2025-12-13T14:02:33.806" totalFiles="364" totalCleanup="204" /><!-- duration: 69ms -->
  </step><!-- duration: 273ms -->
  <step title="DeploymentService.GetResult" date="2025-12-13T14:02:35.131" >
    <step title="DeploymentService.GetLatestDeployment" date="2025-12-13T14:02:35.260" >
      <step title="DeploymentManager.GetResults" date="2025-12-13T14:02:35.292" /><!-- duration: 4822ms -->
    </step><!-- duration: 4984ms -->
  </step><!-- duration: 5496ms -->
  <step title="Outgoing response" date="2025-12-13T14:02:40.828" type="response" statusCode="202" statusText="Accepted" /><!-- duration: 241ms -->
</step><!-- duration: 7503ms -->
