<step title="Incoming Request" date="2025-12-13T14:02:08.728" instance="d8ce03" url="/api/deployments/latest?deployer=GITHUB_ZIP_DEPLOY&amp;time=2025-12-13_14-00-09Z" method="GET" type="request" pid="770,1,16" Host="cinewave.scm.azurewebsites.net" User-Agent="GITHUBACTIONS_DeployWebAppToAzure_be248fa6b670439a91131d8c78d4b93875bac242bafab9c4e3b97bc48d7d5ee7" Authorization="Bas..." Content-Type="application/json; charset=utf-8" Cookie="ARRAffinity=d8ce030d10a8488f5af05adb44862a92568cc382a56095090ac9f1a788fb1dff;Path=/;HttpOnly;Secure;Domain=cinewave.scm.azurewebsites.net; ARRAffinitySameSite=d8ce030d10a8488f5af05adb44862a92568cc382a56095090ac9f1a788fb1dff;Path=/;HttpOnly;SameSite=None;Secure;Domain=cinewave.scm.azurewebsites.net" Content-Length="0" X-ARR-LOG-ID="0ed4fd31-1a6f-45f9-8865-e642250353e2" CLIENT-IP="13.83.166.226:34818" X-SITE-DEPLOYMENT-ID="CineWave" WAS-DEFAULT-HOSTNAME="cinewave.scm.azurewebsites.net" X-Forwarded-Proto="https" X-AppService-Proto="https" X-Forwarded-TlsVersion="1.3" X-WAWS-Unencoded-URL="/api/deployments/latest?deployer=GITHUB_ZIP_DEPLOY&amp;time=2025-12-13_14-00-09Z" X-Client-IP="13.83.166.226" X-Client-Port="34818" >
  <step title="Cleanup Xml Logs" date="2025-12-13T14:02:08.736" >
    <step title="Cleanup Infos" date="2025-12-13T14:02:08.780" totalFiles="361" totalCleanup="201" /><!-- duration: 9ms -->
  </step><!-- duration: 61ms -->
  <step title="DeploymentService.GetResult" date="2025-12-13T14:02:08.811" >
    <step title="DeploymentService.GetLatestDeployment" date="2025-12-13T14:02:08.817" >
      <step title="DeploymentManager.GetResults" date="2025-12-13T14:02:08.819" /><!-- duration: 1378ms -->
    </step><!-- duration: 1530ms -->
  </step><!-- duration: 1718ms -->
  <step title="Outgoing response" date="2025-12-13T14:02:10.548" type="response" statusCode="202" statusText="Accepted" /><!-- duration: 209ms -->
</step><!-- duration: 2181ms -->
