<step title="BackgroundTrace" date="2025-12-13T13:11:06.928" instance="d8ce03" url="/api/zipdeploy" method="POST" >
  <step title="Cleanup Xml Logs" date="2025-12-13T13:11:06.939" /><!-- duration: 31ms -->
  <step title="Creating temporary deployment - FetchDeploymentManager" date="2025-12-13T13:11:07.432" /><!-- duration: 22ms -->
  <step title="Creating temporary deployment" date="2025-12-13T13:11:07.513" /><!-- duration: 252ms -->
  <step title="Performing fetch based deployment" date="2025-12-13T13:11:08.045" >
    <step title="Cleaning up temp folders from previous zip deployments and extracting pushed zip file /tmp/zipdeploy/ab0d9034-72e0-4a7f-9671-eeba48dd48c8.zip (40.78 MB) to /tmp/zipdeploy/extracted" date="2025-12-13T13:11:09.744" >
      <step title="ChmodRecursive Process exited with total time taken in ms: 459" date="2025-12-13T13:11:31.439" /><!-- duration: 3ms -->
    </step><!-- duration: 21707ms -->
    <step title="Deployment timer started" date="2025-12-13T13:11:33.469" >
      <step title="DeploymentManager.Deploy(id:8a2c87a8-f632-42ec-aa43-a5b410c4642c)" date="2025-12-13T13:11:33.473" >
        <step title="Collecting changeset information" date="2025-12-13T13:11:33.502" /><!-- duration: 76ms -->
        <step title="Updating submodules" date="2025-12-13T13:11:33.581" /><!-- duration: 1116ms -->
        <step title="Determining deployment builder" date="2025-12-13T13:11:34.853" >
          <step title="Builder is OryxBuilder" date="2025-12-13T13:11:34.859" /><!-- duration: 12ms -->
        </step><!-- duration: 20ms -->
        <step title="PreDeployment: context.CleanOutputPath False" date="2025-12-13T13:11:34.915" >
          <step title="PreDeployment: context.OutputPath /home/site/wwwroot" date="2025-12-13T13:11:35.008" >
            <step title="Building" date="2025-12-13T13:11:35.118" >
              <step title="Executing external process" date="2025-12-13T13:11:35.321" type="process" path="bash" arguments="-c &quot;oryx build /tmp/zipdeploy/extracted -o /home/site/wwwroot --platform php --platform-version 8.2 -p virtualenv_name= --log-file /tmp/build-debug.log  -i /tmp/8de3a492446c173 | tee /tmp/oryx-build.log ; exit $PIPESTATUS &quot;" >
                <step title="Cpu: rsync(1246,3.680s)+rsync(1245,3.330s)+rsync(1244,1.690s)+build.sh(841,0.110s)+oryx(806,11.170s)+tee(807,0.020s)+bash(805,0.000s)=total(20.000s)" date="2025-12-13T13:15:06.972" /><!-- duration: 8ms -->
                <step title="bash: no io activity for 60s, prev-cpu=-1.000s, current-cpu=20.000s" date="2025-12-13T13:15:06.990" /><!-- duration: 10ms -->
              </step><!-- duration: 215717ms -->
              <step title="Using GenericDeploymentLogParser" date="2025-12-13T13:15:11.292" /><!-- duration: 2ms -->
              <step title="Triggering recycle (preview mode disabled)." date="2025-12-13T13:15:12.091" /><!-- duration: 4ms -->
              <step title="Modified file to trigger a restart of the app container." date="2025-12-13T13:15:12.129" /><!-- duration: 2ms -->
              <step title="Skip function trigger and logicapp sync because function is not enabled." date="2025-12-13T13:15:12.144" /><!-- duration: 11ms -->
            </step><!-- duration: 217710ms -->
          </step><!-- duration: 217827ms -->
          <step title="Cleaning up temp files" date="2025-12-13T13:15:12.838" /><!-- duration: 1811ms -->
          <step title="Cleaning up temp files" date="2025-12-13T13:15:14.652" /><!-- duration: 507ms -->
          <step title="Reloading status file with latest updates" date="2025-12-13T13:15:15.187" >
            <step title="WebHooksManager.PublishEventAsync: PostDeployment" date="2025-12-13T13:15:15.191" /><!-- duration: 90ms -->
          </step><!-- duration: 97ms -->
          <step title="Cleaning up temporary deployment - fetch deployment was successful" date="2025-12-13T13:15:15.290" /><!-- duration: 4ms -->
        </step><!-- duration: 220419ms -->
      </step><!-- duration: 221868ms -->
