<step title="Incoming Request" date="2025-12-13T13:59:22.517" instance="d8ce03" url="/deploy?scmType=ExternalGit&amp;isAsync=true" method="POST" type="request" pid="768,1,19" Host="cinewave.scm.azurewebsites.net" User-Agent="Azure-WebSites-Controller/106.0.7.121" Authorization="Bas..." Expect="100-continue" Content-Length="81" x-ms-request-id="f39cbce6-72a5-41e2-bbdc-53b17149b4a0" X-ARR-LOG-ID="f39cbce6-72a5-41e2-bbdc-53b17149b4a0" CLIENT-IP="70.153.161.0:7184" X-SITE-DEPLOYMENT-ID="CineWave" WAS-DEFAULT-HOSTNAME="cinewave.scm.azurewebsites.net" X-MS-PLATFORM-INTERNAL="True" X-Forwarded-Proto="https" X-AppService-Proto="https" X-Forwarded-TlsVersion="1.3" X-WAWS-Unencoded-URL="/deploy?scmType=ExternalGit&amp;isAsync=true" X-Client-IP="70.153.161.0" X-Client-Port="7184" >
  <step title="Cleanup Xml Logs" date="2025-12-13T13:59:22.566" >
    <step title="Cleanup Infos" date="2025-12-13T13:59:22.698" totalFiles="340" totalCleanup="180" /><!-- duration: 132ms -->
  </step><!-- duration: 454ms -->
  <step title="FetchHandler" date="2025-12-13T13:59:23.251" >
    <step title="Executing external process" date="2025-12-13T13:59:24.395" type="process" path="git" arguments="rev-parse --git-dir" /><!-- duration: 863ms -->
    <step title="Executing external process" date="2025-12-13T13:59:25.632" type="process" path="git" arguments="rev-parse --git-dir" /><!-- duration: 271ms -->
    <step title="Executing external process" date="2025-12-13T13:59:25.962" type="process" path="git" arguments="log -n 1 master --" >
      <step title="Process dump" date="2025-12-13T13:59:26.314" exitCode="128" type="processOutput" /><!-- duration: 12ms -->
    </step><!-- duration: 382ms -->
    <step title="Start deployment in the background" date="2025-12-13T13:59:26.476" >
      <step title="Executing external process" date="2025-12-13T13:59:26.866" type="process" path="git" arguments="rev-parse --git-dir" /><!-- duration: 73ms -->
      <step title="Executing external process" date="2025-12-13T13:59:26.969" type="process" path="git" arguments="rev-parse --git-dir" /><!-- duration: 89ms -->
      <step title="Executing external process" date="2025-12-13T13:59:27.108" type="process" path="git" arguments="log -n 1 master --" >
        <step title="Process dump" date="2025-12-13T13:59:27.543" exitCode="128" type="processOutput" /><!-- duration: 60ms -->
      </step><!-- duration: 513ms -->
      <step title="Acquiring Deployment Lock" date="2025-12-13T13:59:27.641" /><!-- duration: 29ms -->
      <step title="Acquired Deployment Lock" date="2025-12-13T13:59:28.014" /><!-- duration: 58ms -->
    </step><!-- duration: 1880ms -->
  </step><!-- duration: 5175ms -->
  <step title="Outgoing response" date="2025-12-13T13:59:28.465" type="response" statusCode="202" statusText="Accepted" /><!-- duration: 62ms -->
</step><!-- duration: 6060ms -->
