<step title="Incoming Request" date="2025-12-13T11:22:48.050" instance="d8ce03" url="/deploy?scmType=ExternalGit&amp;isAsync=true" method="POST" type="request" pid="769,1,5" Host="cinewave.scm.azurewebsites.net" User-Agent="Azure-WebSites-Controller/106.0.7.121" Authorization="Bas..." Expect="100-continue" Content-Length="81" x-ms-request-id="06b1576e-8120-416c-8d30-8cfd25a95d7a" X-ARR-LOG-ID="06b1576e-8120-416c-8d30-8cfd25a95d7a" CLIENT-IP="70.153.161.0:17472" X-SITE-DEPLOYMENT-ID="CineWave" WAS-DEFAULT-HOSTNAME="cinewave.scm.azurewebsites.net" X-MS-PLATFORM-INTERNAL="True" X-Forwarded-Proto="https" X-AppService-Proto="https" X-Forwarded-TlsVersion="1.3" X-WAWS-Unencoded-URL="/deploy?scmType=ExternalGit&amp;isAsync=true" X-Client-IP="70.153.161.0" X-Client-Port="17472" >
  <step title="FetchHandler" date="2025-12-13T11:22:48.084" >
    <step title="GitExeRepository.Initialize" date="2025-12-13T11:22:48.150" >
      <step title="Executing external process" date="2025-12-13T11:22:48.153" type="process" path="git" arguments="init" /><!-- duration: 191ms -->
      <step title="Executing external process" date="2025-12-13T11:22:48.352" type="process" path="git" arguments="config core.autocrlf false" /><!-- duration: 39ms -->
      <step title="Executing external process" date="2025-12-13T11:22:48.393" type="process" path="git" arguments="config core.preloadindex true" /><!-- duration: 19ms -->
      <step title="Executing external process" date="2025-12-13T11:22:48.415" type="process" path="git" arguments="config user.name &quot;unknown&quot;" /><!-- duration: 87ms -->
      <step title="Executing external process" date="2025-12-13T11:22:48.504" type="process" path="git" arguments="config user.email &quot;unknown&quot;" /><!-- duration: 17ms -->
      <step title="Executing external process" date="2025-12-13T11:22:48.524" type="process" path="git" arguments="config filter.lfs.clean &quot;git-lfs clean %f&quot;" /><!-- duration: 15ms -->
      <step title="Executing external process" date="2025-12-13T11:22:48.542" type="process" path="git" arguments="config filter.lfs.smudge &quot;git-lfs smudge %f&quot;" /><!-- duration: 15ms -->
      <step title="Executing external process" date="2025-12-13T11:22:48.559" type="process" path="git" arguments="config filter.lfs.required true" /><!-- duration: 17ms -->
      <step title="Configure git server" date="2025-12-13T11:22:48.578" >
        <step title="Executing external process" date="2025-12-13T11:22:48.579" type="process" path="git" arguments="config receive.denyCurrentBranch ignore" /><!-- duration: 18ms -->
      </step><!-- duration: 21ms -->
      <step title="Create deny users for .git folder" date="2025-12-13T11:22:48.600" /><!-- duration: 21ms -->
      <step title="Configure git-credential" date="2025-12-13T11:22:48.623" >
        <step title="Executing external process" date="2025-12-13T11:22:48.633" type="process" path="git" arguments="config credential.helper &quot;!&apos;/home/site/repository/.git/hooks/git-credential-invalid.sh&apos;&quot;" /><!-- duration: 23ms -->
      </step><!-- duration: 34ms -->
      <step title="Setup post receive hook" date="2025-12-13T11:22:48.659" >
        <step title="Non-Windows enviroment, granting 755 permission to post-receive hook file" date="2025-12-13T11:22:48.672" /><!-- duration: 24ms -->
      </step><!-- duration: 39ms -->
    </step><!-- duration: 551ms -->
    <step title="Executing external process" date="2025-12-13T11:22:48.705" type="process" path="git" arguments="log -n 1 main --" >
      <step title="Process dump" date="2025-12-13T11:22:48.722" exitCode="128" type="processOutput" /><!-- duration: 1ms -->
    </step><!-- duration: 19ms -->
    <step title="Start deployment in the background" date="2025-12-13T11:22:48.726" >
      <step title="Executing external process" date="2025-12-13T11:22:48.756" type="process" path="git" arguments="rev-parse --git-dir" /><!-- duration: 13ms -->
      <step title="Executing external process" date="2025-12-13T11:22:48.775" type="process" path="git" arguments="rev-parse --git-dir" /><!-- duration: 12ms -->
      <step title="Executing external process" date="2025-12-13T11:22:48.790" type="process" path="git" arguments="log -n 1 main --" >
        <step title="Process dump" date="2025-12-13T11:22:48.806" exitCode="128" type="processOutput" /><!-- duration: 2ms -->
      </step><!-- duration: 19ms -->
      <step title="Acquiring Deployment Lock" date="2025-12-13T11:22:48.811" /><!-- duration: 2ms -->
      <step title="Acquired Deployment Lock" date="2025-12-13T11:22:48.848" /><!-- duration: 2ms -->
    </step><!-- duration: 172ms -->
  </step><!-- duration: 818ms -->
  <step title="Outgoing response" date="2025-12-13T11:22:48.904" type="response" statusCode="202" statusText="Accepted" /><!-- duration: 6ms -->
</step><!-- duration: 861ms -->
