<step title="BackgroundTrace" date="2025-12-13T12:15:47.608" instance="d8ce03" url="/api/zipdeploy" method="POST" >
  <step title="Cleanup Xml Logs" date="2025-12-13T12:15:47.620" /><!-- duration: 12ms -->
  <step title="Creating temporary deployment - FetchDeploymentManager" date="2025-12-13T12:15:47.688" /><!-- duration: 1ms -->
  <step title="Creating temporary deployment" date="2025-12-13T12:15:47.691" /><!-- duration: 57ms -->
  <step title="Performing fetch based deployment" date="2025-12-13T12:15:47.795" >
    <step title="Cleaning up temp folders from previous zip deployments and extracting pushed zip file /tmp/zipdeploy/f50f0e12-1b8d-4689-9f67-aa4452ab8529.zip (88.00 MB) to /tmp/zipdeploy/extracted" date="2025-12-13T12:15:48.883" >
      <step title="ChmodRecursive Process exited with total time taken in ms: 853" date="2025-12-13T12:16:06.747" /><!-- duration: 21ms -->
    </step><!-- duration: 17888ms -->
    <step title="Deployment timer started" date="2025-12-13T12:16:08.776" >
      <step title="DeploymentManager.Deploy(id:f0005be5-68d0-4853-a6c5-8fcadf13cebf)" date="2025-12-13T12:16:08.783" >
        <step title="Collecting changeset information" date="2025-12-13T12:16:08.793" /><!-- duration: 69ms -->
        <step title="Updating submodules" date="2025-12-13T12:16:08.866" /><!-- duration: 1085ms -->
        <step title="Determining deployment builder" date="2025-12-13T12:16:10.105" >
          <step title="Builder is CustomBuilder" date="2025-12-13T12:16:10.114" /><!-- duration: 19ms -->
        </step><!-- duration: 29ms -->
        <step title="PreDeployment: context.CleanOutputPath False" date="2025-12-13T12:16:10.150" >
          <step title="PreDeployment: context.OutputPath /home/site/wwwroot" date="2025-12-13T12:16:10.228" >
            <step title="Building" date="2025-12-13T12:16:10.308" >
              <step title="Executing external process" date="2025-12-13T12:16:10.587" type="process" path="starter.sh" arguments="bash deploy.sh" /><!-- duration: 5653ms -->
              <step title="Triggering recycle (preview mode disabled)." date="2025-12-13T12:16:16.435" /><!-- duration: 1ms -->
              <step title="Modified file to trigger a restart of the app container." date="2025-12-13T12:16:16.458" /><!-- duration: 2ms -->
              <step title="Skip function trigger and logicapp sync because function is not enabled." date="2025-12-13T12:16:16.467" /><!-- duration: 2ms -->
              <step title="Purge deployment items" date="2025-12-13T12:16:17.160" >
                <step title="Remove 66c4bb58-, Failed, received at 12/13/2025 11:58:25" date="2025-12-13T12:16:17.267" /><!-- duration: 10ms -->
              </step><!-- duration: 128ms -->
            </step><!-- duration: 7071ms -->
          </step><!-- duration: 7161ms -->
          <step title="Cleaning up temp files" date="2025-12-13T12:16:17.390" /><!-- duration: 2ms -->
          <step title="Cleaning up temp files" date="2025-12-13T12:16:17.399" /><!-- duration: 552ms -->
          <step title="Reloading status file with latest updates" date="2025-12-13T12:16:18.021" >
            <step title="WebHooksManager.PublishEventAsync: PostDeployment" date="2025-12-13T12:16:18.032" /><!-- duration: 121ms -->
          </step><!-- duration: 139ms -->
          <step title="Cleaning up temporary deployment - fetch deployment was successful" date="2025-12-13T12:16:18.209" /><!-- duration: 21ms -->
        </step><!-- duration: 8180ms -->
      </step><!-- duration: 9626ms -->
