<step title="Incoming Request" date="2025-12-13T13:16:12.818" instance="d8ce03" url="/api/deployments/latest" method="GET" type="request" pid="768,1,19" Accept="*/*" Host="cinewave.scm.azurewebsites.net" User-Agent="AZURECLI/2.80.0 (MSI)" Accept-Encoding="gzip, deflate" Authorization="Bas..." x-ms-client-request-id="c3649459-d825-11f0-98f9-9c6b00385cf4" X-ARR-LOG-ID="c3649459-d825-11f0-98f9-9c6b00385cf4" CLIENT-IP="36.70.87.167:58882" X-SITE-DEPLOYMENT-ID="CineWave" WAS-DEFAULT-HOSTNAME="cinewave.scm.azurewebsites.net" X-Forwarded-Proto="https" X-AppService-Proto="https" X-Forwarded-TlsVersion="1.3" X-WAWS-Unencoded-URL="/api/deployments/latest" X-Client-IP="36.70.87.167" X-Client-Port="58882" >
  <step title="Cleanup Xml Logs" date="2025-12-13T13:16:12.820" >
    <step title="Cleanup Infos" date="2025-12-13T13:16:12.938" totalFiles="212" totalCleanup="52" /><!-- duration: 10ms -->
  </step><!-- duration: 139ms -->
  <step title="DeploymentService.GetResult" date="2025-12-13T13:16:12.999" >
    <step title="DeploymentService.GetLatestDeployment" date="2025-12-13T13:16:13.001" >
      <step title="DeploymentManager.GetResults" date="2025-12-13T13:16:13.017" /><!-- duration: 458ms -->
    </step><!-- duration: 484ms -->
  </step><!-- duration: 496ms -->
  <step title="Outgoing response" date="2025-12-13T13:16:13.503" type="response" statusCode="202" statusText="Accepted" /><!-- duration: 3ms -->
</step><!-- duration: 696ms -->
