<step title="Incoming Request" date="2025-12-13T12:35:38.015" instance="d8ce03" url="/deploy?scmType=ExternalGit&amp;isAsync=true" method="POST" type="request" pid="768,1,15" Host="cinewave.scm.azurewebsites.net" User-Agent="Azure-WebSites-Controller/106.0.7.121" Authorization="Bas..." Expect="100-continue" Content-Length="77" x-ms-request-id="9720946c-d941-4137-8177-d430eaef64f1" X-ARR-LOG-ID="9720946c-d941-4137-8177-d430eaef64f1" CLIENT-IP="70.153.161.0:1545" X-SITE-DEPLOYMENT-ID="CineWave" WAS-DEFAULT-HOSTNAME="cinewave.scm.azurewebsites.net" X-MS-PLATFORM-INTERNAL="True" X-Forwarded-Proto="https" X-AppService-Proto="https" X-Forwarded-TlsVersion="1.3" X-WAWS-Unencoded-URL="/deploy?scmType=ExternalGit&amp;isAsync=true" X-Client-IP="70.153.161.0" X-Client-Port="1545" >
  <step title="FetchHandler" date="2025-12-13T12:35:38.057" >
    <step title="Executing external process" date="2025-12-13T12:35:38.269" type="process" path="git" arguments="rev-parse --git-dir" /><!-- duration: 80ms -->
    <step title="Executing external process" date="2025-12-13T12:35:38.359" type="process" path="git" arguments="rev-parse --git-dir" /><!-- duration: 39ms -->
    <step title="Executing external process" date="2025-12-13T12:35:38.499" type="process" path="git" arguments="log -n 1 main --" /><!-- duration: 213ms -->
    <step title="Start deployment in the background" date="2025-12-13T12:35:38.721" >
      <step title="Executing external process" date="2025-12-13T12:35:38.832" type="process" path="git" arguments="rev-parse --git-dir" /><!-- duration: 28ms -->
      <step title="Executing external process" date="2025-12-13T12:35:38.890" type="process" path="git" arguments="rev-parse --git-dir" /><!-- duration: 41ms -->
      <step title="Executing external process" date="2025-12-13T12:35:38.951" type="process" path="git" arguments="log -n 1 main --" /><!-- duration: 42ms -->
      <step title="Acquiring Deployment Lock" date="2025-12-13T12:35:39.003" /><!-- duration: 10ms -->
      <step title="Acquired Deployment Lock" date="2025-12-13T12:35:39.105" /><!-- duration: 17ms -->
    </step><!-- duration: 1040ms -->
  </step><!-- duration: 1706ms -->
  <step title="Outgoing response" date="2025-12-13T12:35:39.765" type="response" statusCode="202" statusText="Accepted" /><!-- duration: 3ms -->
</step><!-- duration: 1754ms -->
