<step title="BackgroundTrace" date="2025-12-13T13:45:36.274" instance="d8ce03" url="/api/zipdeploy" method="POST" >
  <step title="Cleanup Xml Logs" date="2025-12-13T13:45:36.284" >
    <step title="Cleanup Infos" date="2025-12-13T13:45:36.293" totalFiles="305" totalCleanup="145" /><!-- duration: 4ms -->
  </step><!-- duration: 16ms -->
  <step title="Creating temporary deployment - FetchDeploymentManager" date="2025-12-13T13:45:36.329" /><!-- duration: 1ms -->
  <step title="Creating temporary deployment" date="2025-12-13T13:45:36.333" /><!-- duration: 59ms -->
  <step title="Performing fetch based deployment" date="2025-12-13T13:45:36.431" >
    <step title="Cleaning up temp folders from previous zip deployments and extracting pushed zip file /tmp/zipdeploy/f50a6b09-a409-4ffe-9a03-9c6250fbcbc7.zip (88.01 MB) to /tmp/zipdeploy/extracted" date="2025-12-13T13:45:37.595" >
      <step title="ChmodRecursive Process exited with total time taken in ms: 542" date="2025-12-13T13:45:49.691" /><!-- duration: 3ms -->
    </step><!-- duration: 12103ms -->
    <step title="Deployment timer started" date="2025-12-13T13:45:51.717" >
      <step title="DeploymentManager.Deploy(id:c897f0ce-47ec-4634-ace7-d3d8aa09c1df)" date="2025-12-13T13:45:51.720" >
        <step title="Collecting changeset information" date="2025-12-13T13:45:51.730" /><!-- duration: 106ms -->
        <step title="Updating submodules" date="2025-12-13T13:45:51.839" /><!-- duration: 1084ms -->
        <step title="Determining deployment builder" date="2025-12-13T13:45:53.115" >
          <step title="Builder is OryxBuilder" date="2025-12-13T13:45:53.137" /><!-- duration: 3ms -->
        </step><!-- duration: 27ms -->
        <step title="PreDeployment: context.CleanOutputPath False" date="2025-12-13T13:45:53.180" >
          <step title="PreDeployment: context.OutputPath /home/site/wwwroot" date="2025-12-13T13:45:53.263" >
            <step title="Building" date="2025-12-13T13:45:53.358" >
              <step title="Executing external process" date="2025-12-13T13:45:53.568" type="process" path="bash" arguments="-c &quot;oryx build /tmp/zipdeploy/extracted -o /home/site/wwwroot --platform php --platform-version 8.2 -p virtualenv_name= --log-file /tmp/build-debug.log  -i /tmp/8de3a4def18bf11 | tee /tmp/oryx-build.log ; exit $PIPESTATUS &quot;" >
                <step title="Cpu: rsync(942,2.680s)+rsync(939,0.410s)+rsync(938,2.630s)+build.sh(934,0.010s)+oryx(911,8.890s)+tee(912,0.000s)+bash(910,0.000s)=total(14.610s)" date="2025-12-13T13:47:18.208" /><!-- duration: 764ms -->
                <step title="bash: no io activity for 61s, prev-cpu=-1.000s, current-cpu=14.610s" date="2025-12-13T13:47:19.152" /><!-- duration: 232ms -->
