<step title="Incoming Request" date="2025-12-13T14:06:35.596" instance="d8ce03" url="/api/deployments/latest?deployer=GITHUB_ZIP_DEPLOY&amp;time=2025-12-13_14-05-53Z" method="GET" type="request" pid="773,1,17" Host="cinewave.scm.azurewebsites.net" User-Agent="GITHUBACTIONS_DeployWebAppToAzure_be248fa6b670439a91131d8c78d4b93875bac242bafab9c4e3b97bc48d7d5ee7" Authorization="Bas..." Content-Type="application/json; charset=utf-8" Cookie="ARRAffinity=d8ce030d10a8488f5af05adb44862a92568cc382a56095090ac9f1a788fb1dff;Path=/;HttpOnly;Secure;Domain=cinewave.scm.azurewebsites.net; ARRAffinitySameSite=d8ce030d10a8488f5af05adb44862a92568cc382a56095090ac9f1a788fb1dff;Path=/;HttpOnly;SameSite=None;Secure;Domain=cinewave.scm.azurewebsites.net" Content-Length="0" X-ARR-LOG-ID="a51623fb-be41-4be9-90ee-84737da109de" CLIENT-IP="135.232.224.104:36866" X-SITE-DEPLOYMENT-ID="CineWave" WAS-DEFAULT-HOSTNAME="cinewave.scm.azurewebsites.net" X-Forwarded-Proto="https" X-AppService-Proto="https" X-Forwarded-TlsVersion="1.3" X-WAWS-Unencoded-URL="/api/deployments/latest?deployer=GITHUB_ZIP_DEPLOY&amp;time=2025-12-13_14-05-53Z" X-Client-IP="135.232.224.104" X-Client-Port="36866" >
  <step title="Cleanup Xml Logs" date="2025-12-13T14:06:35.615" >
    <step title="Cleanup Infos" date="2025-12-13T14:06:35.868" totalFiles="383" totalCleanup="223" /><!-- duration: 379ms -->
  </step><!-- duration: 696ms -->
  <step title="DeploymentService.GetResult" date="2025-12-13T14:06:36.682" >
    <step title="DeploymentService.GetLatestDeployment" date="2025-12-13T14:06:36.782" >
      <step title="DeploymentManager.GetResults" date="2025-12-13T14:06:36.852" /><!-- duration: 2051ms -->
    </step><!-- duration: 2141ms -->
  </step><!-- duration: 2253ms -->
  <step title="Outgoing response" date="2025-12-13T14:06:39.061" type="response" statusCode="202" statusText="Accepted" /><!-- duration: 10ms -->
</step><!-- duration: 3486ms -->
