<step title="BackgroundTrace" date="2025-12-13T14:20:27.751" instance="d8ce03" url="/api/zipdeploy" method="POST" >
  <step title="Cleanup Xml Logs" date="2025-12-13T14:20:27.782" >
    <step title="Cleanup Infos" date="2025-12-13T14:20:27.852" totalFiles="464" totalCleanup="304" /><!-- duration: 50ms -->
  </step><!-- duration: 141ms -->
  <step title="Creating temporary deployment - FetchDeploymentManager" date="2025-12-13T14:20:28.115" /><!-- duration: 109ms -->
  <step title="Creating temporary deployment" date="2025-12-13T14:20:28.291" /><!-- duration: 268ms -->
  <step title="Performing fetch based deployment" date="2025-12-13T14:20:28.846" >
    <step title="Cleaning up temp folders from previous zip deployments and extracting pushed zip file /tmp/zipdeploy/0301dcc9-7b60-4008-b6be-c176880a8f44.zip (88.01 MB) to /tmp/zipdeploy/extracted" date="2025-12-13T14:20:30.265" >
      <step title="ChmodRecursive Process exited with total time taken in ms: 418" date="2025-12-13T14:20:44.319" /><!-- duration: 3ms -->
    </step><!-- duration: 14065ms -->
    <step title="Deployment timer started" date="2025-12-13T14:20:46.342" >
      <step title="DeploymentManager.Deploy(id:772b9210-a46d-4ee5-bb91-31439100b924)" date="2025-12-13T14:20:46.345" >
        <step title="Collecting changeset information" date="2025-12-13T14:20:46.368" /><!-- duration: 76ms -->
        <step title="Updating submodules" date="2025-12-13T14:20:46.445" /><!-- duration: 1112ms -->
        <step title="Determining deployment builder" date="2025-12-13T14:20:47.699" >
          <step title="Builder is OryxBuilder" date="2025-12-13T14:20:47.708" /><!-- duration: 10ms -->
        </step><!-- duration: 21ms -->
        <step title="PreDeployment: context.CleanOutputPath False" date="2025-12-13T14:20:47.755" >
          <step title="PreDeployment: context.OutputPath /home/site/wwwroot" date="2025-12-13T14:20:47.837" >
            <step title="Building" date="2025-12-13T14:20:47.946" >
              <step title="Executing external process" date="2025-12-13T14:20:48.184" type="process" path="bash" arguments="-c &quot;oryx build /tmp/zipdeploy/extracted -o /home/site/wwwroot --platform php --platform-version 8.2 -p virtualenv_name= --log-file /tmp/build-debug.log  -i /tmp/8de3a52cf8fc7c0 | tee /tmp/oryx-build.log ; exit $PIPESTATUS &quot;" >
                <step title="Error occurred" date="2025-12-13T14:22:46.977" type="error" text="GetParentProcessLinux (1589) failed.: Could not find a part of the path &apos;/proc/1589/stat&apos;." stackTrace="   at Interop.ThrowExceptionForIoErrno(ErrorInfo errorInfo, String path, Boolean isDirError)
   at Microsoft.Win32.SafeHandles.SafeFileHandle.Open(String fullPath, FileMode mode, FileAccess access, FileShare share, FileOptions options, Int64 preallocationSize, UnixFileMode openPermissions, Int64&amp; fileLength, UnixFileMode&amp; filePermissions, Boolean failForSymlink, Boolean&amp; wasSymlink, Func`4 createOpenException)
   at System.IO.Strategies.OSFileStreamStrategy..ctor(String path, FileMode mode, FileAccess access, FileShare share, FileOptions options, Int64 preallocationSize, Nullable`1 unixCreateMode)
   at System.IO.StreamReader.ValidateArgsAndOpenPath(String path, Encoding encoding, Int32 bufferSize)
   at System.IO.File.ReadLines(String path)
   at Kudu.Core.Infrastructure.ProcessExtensions.GetParentProcessLinux(Process process, ITracer tracer) in /tmp/KuduLite/Kudu.Core/Infrastructure/ProcessExtensions.cs:line 155" /><!-- duration: 39ms -->
                <step title="Cpu: rsync(1564,0.060s)+rsync(1563,5.700s)+rsync(1562,1.500s)+build.sh(1253,0.050s)+oryx(1228,7.430s)+tee(1229,0.000s)+bash(1227,0.000s)=total(14.740s)" date="2025-12-13T14:22:47.524" /><!-- duration: 39ms -->
                <step title="bash: no io activity for 61s, prev-cpu=-1.000s, current-cpu=14.740s" date="2025-12-13T14:22:47.783" /><!-- duration: 52ms -->
                <step title="Cpu: rsync(1564,0.070s)+rsync(1563,8.190s)+rsync(1562,2.150s)+build.sh(1253,0.050s)+oryx(1228,7.510s)+tee(1229,0.000s)+bash(1227,0.000s)=total(17.970s)" date="2025-12-13T14:23:48.195" /><!-- duration: 57ms -->
                <step title="bash: no io activity for 123s, prev-cpu=14.740s, current-cpu=17.970s" date="2025-12-13T14:23:48.294" /><!-- duration: 52ms -->
