<step title="Incoming Request" date="2025-12-13T14:19:42.519" instance="d8ce03" url="/api/zipdeploy?isAsync=true&amp;deployer=GITHUB_ZIP_DEPLOY&amp;message=%7B%22type%22%3A%22deployment%22%2C%22sha%22%3A%22686163a5d2de08d1e17aa62697ec9c12afd2a8a7%22%2C%22repoName%22%3A%22Kiryzsuuu%2FCineWave%22%2C%22actor%22%3A%22Kiryzsuuu%22%2C%22slotName%22%3A%22production%22%2C%22commitMessage%22%3A%22Add%20root%20index.php%20to%20forward%20to%20Laravel%20public%22%7D" method="POST" type="request" pid="768,1,24" Host="cinewave.scm.azurewebsites.net" User-Agent="GITHUBACTIONS_DeployWebAppToAzure_be248fa6b670439a91131d8c78d4b93875bac242bafab9c4e3b97bc48d7d5ee7" Authorization="Bas..." Content-Type="application/octet-stream" Cookie="ARRAffinity=d8ce030d10a8488f5af05adb44862a92568cc382a56095090ac9f1a788fb1dff;Path=/;HttpOnly;Secure;Domain=cinewave.scm.azurewebsites.net; ARRAffinitySameSite=d8ce030d10a8488f5af05adb44862a92568cc382a56095090ac9f1a788fb1dff;Path=/;HttpOnly;SameSite=None;Secure;Domain=cinewave.scm.azurewebsites.net" Transfer-Encoding="chunked" X-ARR-LOG-ID="de7a6742-61a0-4e94-9b0d-0731bd2b4b94" CLIENT-IP="52.234.41.66:33808" X-SITE-DEPLOYMENT-ID="CineWave" WAS-DEFAULT-HOSTNAME="cinewave.scm.azurewebsites.net" X-Forwarded-Proto="https" X-AppService-Proto="https" X-Forwarded-TlsVersion="1.3" X-WAWS-Unencoded-URL="/api/zipdeploy?isAsync=true&amp;deployer=GITHUB_ZIP_DEPLOY&amp;message=%7B%22type%22%3A%22deployment%22%2C%22sha%22%3A%22686163a5d2de08d1e17aa62697ec9c12afd2a8a7%22%2C%22repoName%22%3A%22Kiryzsuuu%2FCineWave%22%2C%22actor%22%3A%22Kiryzsuuu%22%2C%22slotName%22%3A%22production%22%2C%22commitMessage%22%3A%22Add%20root%20index.php%20to%20forward%20to%20Laravel%20public%22%7D" X-Client-IP="52.234.41.66" X-Client-Port="33808" >
  <step title="Cleanup Xml Logs" date="2025-12-13T14:19:42.527" >
    <step title="Cleanup Infos" date="2025-12-13T14:19:42.539" totalFiles="459" totalCleanup="299" /><!-- duration: 9ms -->
  </step><!-- duration: 23ms -->
  <step title="ZipPushDeploy" date="2025-12-13T14:19:42.559" >
    <step title="ZipDeploy. Extract zip. Remote build." date="2025-12-13T14:19:42.571" /><!-- duration: 2ms -->
    <step title="Starting PushDeployAsync" date="2025-12-13T14:19:42.581" /><!-- duration: 2ms -->
    <step title="Writing artifact to /tmp/zipdeploy/0c2111a0-5b56-4a5f-afc0-3a15a522e2ef.zip" date="2025-12-13T14:19:42.599" >
      <step title="Writing multipart request body to /tmp/zipdeploy/0c2111a0-5b56-4a5f-afc0-3a15a522e2ef.zip" date="2025-12-13T14:19:42.607" /><!-- duration: 11ms -->
    </step><!-- duration: 5589ms -->
    <step title="Removing previous build artifact&apos;s manifest file" date="2025-12-13T14:19:48.199" >
      <step title="Start deployment in the background" date="2025-12-13T14:19:48.203" >
        <step title="Acquiring Deployment Lock" date="2025-12-13T14:19:48.251" /><!-- duration: 8ms -->
        <step title="Cannot Acquire Deployment Lock already held" date="2025-12-13T14:19:48.262" /><!-- duration: 5ms -->
      </step><!-- duration: 96ms -->
      <step title="There is a deployment currently in progress. Please try again when it completes." date="2025-12-13T14:19:48.318" /><!-- duration: 2ms -->
    </step><!-- duration: 149ms -->
    <step title="Outgoing response" date="2025-12-13T14:19:48.350" type="response" statusCode="409" statusText="Conflict" /><!-- duration: 10ms -->
  </step><!-- duration: 5830ms -->
