<step title="Incoming Request" date="2025-12-13T13:12:58.873" instance="d8ce03" url="/api/zipdeploy?isAsync=true&amp;deployer=GITHUB_ZIP_DEPLOY&amp;message=%7B%22type%22%3A%22deployment%22%2C%22sha%22%3A%2250bc0a56d5c9bee84a6e821e1ad5cd02cf775e4e%22%2C%22repoName%22%3A%22Kiryzsuuu%2FCineWave%22%2C%22actor%22%3A%22Kiryzsuuu%22%2C%22slotName%22%3A%22production%22%2C%22commitMessage%22%3A%22Add%20htaccess%20and%20test%20file%20for%20debugging%22%7D" method="POST" type="request" pid="768,1,23" Host="cinewave.scm.azurewebsites.net" User-Agent="GITHUBACTIONS_DeployWebAppToAzure_be248fa6b670439a91131d8c78d4b93875bac242bafab9c4e3b97bc48d7d5ee7" Authorization="Bas..." Content-Type="application/octet-stream" Cookie="ARRAffinity=d8ce030d10a8488f5af05adb44862a92568cc382a56095090ac9f1a788fb1dff;Path=/;HttpOnly;Secure;Domain=cinewave.scm.azurewebsites.net; ARRAffinitySameSite=d8ce030d10a8488f5af05adb44862a92568cc382a56095090ac9f1a788fb1dff;Path=/;HttpOnly;SameSite=None;Secure;Domain=cinewave.scm.azurewebsites.net" Transfer-Encoding="chunked" X-ARR-LOG-ID="6fe1457e-da8b-4fdc-82b5-459fc17ccc17" CLIENT-IP="68.220.58.144:21440" X-SITE-DEPLOYMENT-ID="CineWave" WAS-DEFAULT-HOSTNAME="cinewave.scm.azurewebsites.net" X-Forwarded-Proto="https" X-AppService-Proto="https" X-Forwarded-TlsVersion="1.3" X-WAWS-Unencoded-URL="/api/zipdeploy?isAsync=true&amp;deployer=GITHUB_ZIP_DEPLOY&amp;message=%7B%22type%22%3A%22deployment%22%2C%22sha%22%3A%2250bc0a56d5c9bee84a6e821e1ad5cd02cf775e4e%22%2C%22repoName%22%3A%22Kiryzsuuu%2FCineWave%22%2C%22actor%22%3A%22Kiryzsuuu%22%2C%22slotName%22%3A%22production%22%2C%22commitMessage%22%3A%22Add%20htaccess%20and%20test%20file%20for%20debugging%22%7D" X-Client-IP="68.220.58.144" X-Client-Port="21440" >
  <step title="Cleanup Xml Logs" date="2025-12-13T13:12:58.875" /><!-- duration: 28ms -->
  <step title="ZipPushDeploy" date="2025-12-13T13:12:58.963" >
    <step title="ZipDeploy. Extract zip. Remote build." date="2025-12-13T13:12:58.974" /><!-- duration: 8ms -->
    <step title="None repository commit" date="2025-12-13T13:12:58.985" >
      <step title="Commit id: 823bc3b3-049f-491a-9a74-858148786853" date="2025-12-13T13:12:58.994" Message="N/A" AuthorName="N/A" AuthorEmail="N/A" /><!-- duration: 1ms -->
    </step><!-- duration: 40ms -->
    <step title="Starting PushDeployAsync" date="2025-12-13T13:12:59.034" /><!-- duration: 2ms -->
    <step title="Writing artifact to /tmp/zipdeploy/29bcb48a-762e-47dd-891a-5655370de4d7.zip" date="2025-12-13T13:12:59.083" >
      <step title="Writing multipart request body to /tmp/zipdeploy/29bcb48a-762e-47dd-891a-5655370de4d7.zip" date="2025-12-13T13:12:59.105" /><!-- duration: 9ms -->
    </step><!-- duration: 7789ms -->
    <step title="None repository commit" date="2025-12-13T13:13:06.930" >
      <step title="Commit id: 823bc3b3-049f-491a-9a74-858148786853" date="2025-12-13T13:13:06.948" Message="N/A" AuthorName="N/A" AuthorEmail="N/A" /><!-- duration: 9ms -->
    </step><!-- duration: 39ms -->
    <step title="Start deployment in the background" date="2025-12-13T13:13:06.989" >
      <step title="None repository commit" date="2025-12-13T13:13:07.130" >
        <step title="Commit id: 823bc3b3-049f-491a-9a74-858148786853" date="2025-12-13T13:13:07.229" Message="N/A" AuthorName="N/A" AuthorEmail="N/A" /><!-- duration: 41ms -->
      </step><!-- duration: 158ms -->
      <step title="Acquiring Deployment Lock" date="2025-12-13T13:13:07.291" /><!-- duration: 59ms -->
      <step title="Cannot Acquire Deployment Lock already held" date="2025-12-13T13:13:07.421" /><!-- duration: 10ms -->
    </step><!-- duration: 724ms -->
    <step title="There is a deployment currently in progress. Please try again when it completes." date="2025-12-13T13:13:07.803" /><!-- duration: 39ms -->
  </step><!-- duration: 8910ms -->
  <step title="Outgoing response" date="2025-12-13T13:13:07.914" type="response" statusCode="409" statusText="Conflict" /><!-- duration: 48ms -->
</step><!-- duration: 9121ms -->
