<step title="Incoming Request" date="2025-12-13T13:16:18.412" instance="d8ce03" url="/api/deployments/latest" method="GET" type="request" pid="768,1,19" Accept="*/*" Host="cinewave.scm.azurewebsites.net" User-Agent="AZURECLI/2.80.0 (MSI)" Accept-Encoding="gzip, deflate" Authorization="Bas..." x-ms-client-request-id="c3649459-d825-11f0-98f9-9c6b00385cf4" X-ARR-LOG-ID="c3649459-d825-11f0-98f9-9c6b00385cf4" CLIENT-IP="36.70.87.167:58884" X-SITE-DEPLOYMENT-ID="CineWave" WAS-DEFAULT-HOSTNAME="cinewave.scm.azurewebsites.net" X-Forwarded-Proto="https" X-AppService-Proto="https" X-Forwarded-TlsVersion="1.3" X-WAWS-Unencoded-URL="/api/deployments/latest" X-Client-IP="36.70.87.167" X-Client-Port="58884" >
  <step title="Cleanup Xml Logs" date="2025-12-13T13:16:18.492" >
    <step title="Cleanup Infos" date="2025-12-13T13:16:18.553" totalFiles="214" totalCleanup="54" /><!-- duration: 11ms -->
  </step><!-- duration: 81ms -->
  <step title="DeploymentService.GetResult" date="2025-12-13T13:16:18.601" >
    <step title="DeploymentService.GetLatestDeployment" date="2025-12-13T13:16:18.612" >
      <step title="DeploymentManager.GetResults" date="2025-12-13T13:16:18.672" /><!-- duration: 495ms -->
    </step><!-- duration: 564ms -->
  </step><!-- duration: 583ms -->
  <step title="Outgoing response" date="2025-12-13T13:16:19.187" type="response" statusCode="202" statusText="Accepted" /><!-- duration: 7ms -->
</step><!-- duration: 784ms -->
