<step title="BackgroundTrace" date="2025-12-13T14:15:57.973" instance="d8ce03" url="/api/zipdeploy" method="POST" >
  <step title="Cleanup Xml Logs" date="2025-12-13T14:15:57.992" >
    <step title="Cleanup Infos" date="2025-12-13T14:15:58.044" totalFiles="420" totalCleanup="260" /><!-- duration: 49ms -->
  </step><!-- duration: 120ms -->
  <step title="Creating temporary deployment - FetchDeploymentManager" date="2025-12-13T14:15:58.386" /><!-- duration: 10ms -->
  <step title="Creating temporary deployment" date="2025-12-13T14:15:58.474" /><!-- duration: 416ms -->
  <step title="Performing fetch based deployment" date="2025-12-13T14:15:59.345" >
    <step title="Cleaning up temp folders from previous zip deployments and extracting pushed zip file /tmp/zipdeploy/98a93357-067d-418f-9ffc-5236188d42d1.zip (88.01 MB) to /tmp/zipdeploy/extracted" date="2025-12-13T14:16:00.982" >
      <step title="ChmodRecursive Process exited with total time taken in ms: 319" date="2025-12-13T14:16:50.624" /><!-- duration: 12ms -->
    </step><!-- duration: 49673ms -->
    <step title="Deployment timer started" date="2025-12-13T14:16:52.698" >
      <step title="DeploymentManager.Deploy(id:f29ed4c2-ac80-429c-80a3-cd2644a1c37d)" date="2025-12-13T14:16:52.709" >
        <step title="Collecting changeset information" date="2025-12-13T14:16:52.735" /><!-- duration: 63ms -->
        <step title="Updating submodules" date="2025-12-13T14:16:52.802" /><!-- duration: 1105ms -->
        <step title="Determining deployment builder" date="2025-12-13T14:16:54.402" >
          <step title="Builder is OryxBuilder" date="2025-12-13T14:16:54.432" /><!-- duration: 2ms -->
        </step><!-- duration: 38ms -->
        <step title="PreDeployment: context.CleanOutputPath False" date="2025-12-13T14:16:54.492" >
          <step title="PreDeployment: context.OutputPath /home/site/wwwroot" date="2025-12-13T14:16:54.620" >
            <step title="Building" date="2025-12-13T14:16:54.724" >
              <step title="Executing external process" date="2025-12-13T14:16:55.022" type="process" path="bash" arguments="-c &quot;oryx build /tmp/zipdeploy/extracted -o /home/site/wwwroot --platform php --platform-version 8.2 -p virtualenv_name= --log-file /tmp/build-debug.log  -i /tmp/8de3a5244854522 | tee /tmp/oryx-build.log ; exit $PIPESTATUS &quot;" /><!-- duration: 168518ms -->
              <step title="Using GenericDeploymentLogParser" date="2025-12-13T14:19:44.269" /><!-- duration: 19ms -->
              <step title="Triggering recycle (preview mode disabled)." date="2025-12-13T14:19:45.515" /><!-- duration: 10ms -->
              <step title="Modified file to trigger a restart of the app container." date="2025-12-13T14:19:45.564" /><!-- duration: 1ms -->
              <step title="Skip function trigger and logicapp sync because function is not enabled." date="2025-12-13T14:19:45.569" /><!-- duration: 2ms -->
              <step title="Purge deployment items" date="2025-12-13T14:19:46.460" >
                <step title="Remove temp-6966, Failed, received at 12/13/2025 14:09:37" date="2025-12-13T14:19:46.558" /><!-- duration: 50ms -->
                <step title="Remove e025384e-, Failed, received at 12/13/2025 14:06:14" date="2025-12-13T14:19:46.749" /><!-- duration: 1ms -->
                <step title="Remove temp-275a, Failed, received at 12/13/2025 14:05:53" date="2025-12-13T14:19:46.876" /><!-- duration: 2ms -->
                <step title="Remove c4d2c26b-, Failed, received at 12/13/2025 14:00:24" date="2025-12-13T14:19:46.910" /><!-- duration: 1ms -->
                <step title="Remove temp-3fb0, Failed, received at 12/13/2025 14:00:09" date="2025-12-13T14:19:46.944" /><!-- duration: 1ms -->
                <step title="Remove c897f0ce-, Failed, received at 12/13/2025 13:45:51" date="2025-12-13T14:19:47.032" /><!-- duration: 19ms -->
                <step title="Remove temp-d479, Failed, received at 12/13/2025 13:45:36" date="2025-12-13T14:19:47.093" /><!-- duration: 2ms -->
              </step><!-- duration: 636ms -->
            </step><!-- duration: 172413ms -->
          </step><!-- duration: 172592ms -->
          <step title="Cleaning up temp files" date="2025-12-13T14:19:47.221" /><!-- duration: 5957ms -->
          <step title="Cleaning up temp files" date="2025-12-13T14:19:53.196" /><!-- duration: 544ms -->
          <step title="Reloading status file with latest updates" date="2025-12-13T14:19:53.792" >
            <step title="WebHooksManager.PublishEventAsync: PostDeployment" date="2025-12-13T14:19:53.803" /><!-- duration: 230ms -->
          </step><!-- duration: 250ms -->
          <step title="Cleaning up temporary deployment - fetch deployment was successful" date="2025-12-13T14:19:54.071" /><!-- duration: 2ms -->
        </step><!-- duration: 179635ms -->
      </step><!-- duration: 181433ms -->
