<step title="BackgroundTrace" date="2025-12-13T12:28:34.590" instance="d8ce03" url="/deploy" method="POST" >
  <step title="Creating temporary deployment - FetchDeploymentManager" date="2025-12-13T12:28:34.866" /><!-- duration: 2ms -->
  <step title="Creating temporary deployment" date="2025-12-13T12:28:34.871" /><!-- duration: 32ms -->
  <step title="Performing fetch based deployment" date="2025-12-13T12:28:35.095" >
    <step title="Deployment timer started" date="2025-12-13T12:28:54.103" >
      <step title="DeploymentManager.Deploy(id:35b9a19f9e2272dd91276b07f96cc20a68cc5738)" date="2025-12-13T12:28:54.122" >
        <step title="Collecting changeset information" date="2025-12-13T12:28:54.155" /><!-- duration: 89ms -->
        <step title="Updating submodules" date="2025-12-13T12:28:54.247" /><!-- duration: 1115ms -->
        <step title="Determining deployment builder" date="2025-12-13T12:28:55.578" >
          <step title="Builder is CustomBuilder" date="2025-12-13T12:28:55.581" /><!-- duration: 5ms -->
        </step><!-- duration: 10ms -->
        <step title="PreDeployment: context.CleanOutputPath False" date="2025-12-13T12:28:55.648" >
          <step title="PreDeployment: context.OutputPath /home/site/wwwroot" date="2025-12-13T12:28:55.799" >
            <step title="Building" date="2025-12-13T12:28:55.962" >
              <step title="Executing external process" date="2025-12-13T12:28:56.277" type="process" path="starter.sh" arguments="bash deploy.sh" /><!-- duration: 8432ms -->
              <step title="Triggering recycle (preview mode disabled)." date="2025-12-13T12:29:05.271" /><!-- duration: 28ms -->
              <step title="Modified file to trigger a restart of the app container." date="2025-12-13T12:29:05.360" /><!-- duration: 30ms -->
              <step title="Skip function trigger and logicapp sync because function is not enabled." date="2025-12-13T12:29:05.393" /><!-- duration: 8ms -->
              <step title="Purge deployment items" date="2025-12-13T12:29:06.690" >
                <step title="Remove af8fc86a-, Failed, received at 12/13/2025 12:21:18" date="2025-12-13T12:29:06.860" /><!-- duration: 47ms -->
                <step title="Remove temp-9a4f, Failed, received at 12/13/2025 12:21:03" date="2025-12-13T12:29:07.058" /><!-- duration: 23ms -->
              </step><!-- duration: 409ms -->
            </step><!-- duration: 11279ms -->
          </step><!-- duration: 11480ms -->
          <step title="Cleaning up temp files" date="2025-12-13T12:29:07.350" /><!-- duration: 52ms -->
          <step title="Cleaning up temp files" date="2025-12-13T12:29:07.420" /><!-- duration: 513ms -->
          <step title="Reloading status file with latest updates" date="2025-12-13T12:29:08.021" >
            <step title="WebHooksManager.PublishEventAsync: PostDeployment" date="2025-12-13T12:29:08.041" /><!-- duration: 353ms -->
          </step><!-- duration: 391ms -->
          <step title="Cleaning up temporary deployment - fetch deployment was successful" date="2025-12-13T12:29:08.482" /><!-- duration: 50ms -->
        </step><!-- duration: 13138ms -->
      </step><!-- duration: 14752ms -->
