<step title="Incoming Request" date="2025-12-13T14:18:37.258" instance="d8ce03" url="/api/deployments/latest?deployer=GITHUB_ZIP_DEPLOY&amp;time=2025-12-13_14-15-58Z" method="GET" type="request" pid="768,1,23" Host="cinewave.scm.azurewebsites.net" User-Agent="GITHUBACTIONS_DeployWebAppToAzure_be248fa6b670439a91131d8c78d4b93875bac242bafab9c4e3b97bc48d7d5ee7" Authorization="Bas..." Content-Type="application/json; charset=utf-8" Cookie="ARRAffinity=d8ce030d10a8488f5af05adb44862a92568cc382a56095090ac9f1a788fb1dff;Path=/;HttpOnly;Secure;Domain=cinewave.scm.azurewebsites.net; ARRAffinitySameSite=d8ce030d10a8488f5af05adb44862a92568cc382a56095090ac9f1a788fb1dff;Path=/;HttpOnly;SameSite=None;Secure;Domain=cinewave.scm.azurewebsites.net" Content-Length="0" X-ARR-LOG-ID="06f34a34-4c79-4417-90fe-4127406f0df7" CLIENT-IP="57.151.138.242:17439" X-SITE-DEPLOYMENT-ID="CineWave" WAS-DEFAULT-HOSTNAME="cinewave.scm.azurewebsites.net" X-Forwarded-Proto="https" X-AppService-Proto="https" X-Forwarded-TlsVersion="1.3" X-WAWS-Unencoded-URL="/api/deployments/latest?deployer=GITHUB_ZIP_DEPLOY&amp;time=2025-12-13_14-15-58Z" X-Client-IP="57.151.138.242" X-Client-Port="17439" >
  <step title="Cleanup Xml Logs" date="2025-12-13T14:18:37.287" >
    <step title="Cleanup Infos" date="2025-12-13T14:18:37.358" totalFiles="442" totalCleanup="282" /><!-- duration: 19ms -->
  </step><!-- duration: 110ms -->
  <step title="DeploymentService.GetResult" date="2025-12-13T14:18:37.427" >
    <step title="DeploymentService.GetLatestDeployment" date="2025-12-13T14:18:37.438" >
      <step title="DeploymentManager.GetResults" date="2025-12-13T14:18:37.449" /><!-- duration: 1700ms -->
    </step><!-- duration: 1790ms -->
  </step><!-- duration: 1842ms -->
  <step title="Outgoing response" date="2025-12-13T14:18:39.319" type="response" statusCode="202" statusText="Accepted" /><!-- duration: 20ms -->
</step><!-- duration: 2131ms -->
