<step title="BackgroundTrace" date="2025-12-13T13:16:01.770" instance="d8ce03" url="/api/zipdeploy" method="POST" >
  <step title="Cleanup Xml Logs" date="2025-12-13T13:16:01.773" >
    <step title="Cleanup Infos" date="2025-12-13T13:16:01.783" totalFiles="209" totalCleanup="49" /><!-- duration: 2ms -->
  </step><!-- duration: 14ms -->
  <step title="Creating temporary deployment - FetchDeploymentManager" date="2025-12-13T13:16:01.823" /><!-- duration: 2ms -->
  <step title="Creating temporary deployment" date="2025-12-13T13:16:01.828" /><!-- duration: 40ms -->
  <step title="Performing fetch based deployment" date="2025-12-13T13:16:01.983" >
    <step title="Cleaning up temp folders from previous zip deployments and extracting pushed zip file /tmp/zipdeploy/8af14821-df8c-4660-ac3b-7096e24f9af5.zip (45.09 MB) to /tmp/zipdeploy/extracted" date="2025-12-13T13:16:03.278" >
      <step title="ChmodRecursive Process exited with total time taken in ms: 693" date="2025-12-13T13:16:19.829" /><!-- duration: 4ms -->
    </step><!-- duration: 16560ms -->
    <step title="Deployment timer started" date="2025-12-13T13:16:21.894" >
      <step title="DeploymentManager.Deploy(id:4a35ccde-014a-4107-98f9-7267f2993a22)" date="2025-12-13T13:16:21.974" >
        <step title="Collecting changeset information" date="2025-12-13T13:16:22.134" /><!-- duration: 510ms -->
        <step title="Updating submodules" date="2025-12-13T13:16:22.686" /><!-- duration: 1180ms -->
        <step title="Determining deployment builder" date="2025-12-13T13:16:24.238" >
          <step title="Builder is OryxBuilder" date="2025-12-13T13:16:24.298" /><!-- duration: 21ms -->
        </step><!-- duration: 92ms -->
        <step title="PreDeployment: context.CleanOutputPath False" date="2025-12-13T13:16:24.641" >
          <step title="PreDeployment: context.OutputPath /home/site/wwwroot" date="2025-12-13T13:16:25.436" >
            <step title="Building" date="2025-12-13T13:16:25.557" >
              <step title="Executing external process" date="2025-12-13T13:16:25.778" type="process" path="bash" arguments="-c &quot;oryx build /tmp/zipdeploy/extracted -o /home/site/wwwroot --platform php --platform-version 8.2 -p virtualenv_name= --log-file /tmp/build-debug.log  -i /tmp/8de3a49d0ce886f | tee /tmp/oryx-build.log ; exit $PIPESTATUS &quot;" >
                <step title="Process dump" date="2025-12-13T13:18:13.114" exitCode="255" type="processOutput" /><!-- duration: 19ms -->
              </step><!-- duration: 107375ms -->
              <step title="Error occurred" date="2025-12-13T13:18:13.177" type="error" text="Installing dependencies from lock file (including require-dev)
Verifying lock file contents can be installed on current platform.
Package operations: 113 installs, 0 updates, 0 removals
  - Downloading doctrine/inflector (2.1.0)
  - Downloading doctrine/lexer (3.0.1)
  - Downloading dragonmantank/cron-expression (v3.6.0)
  - Downloading symfony/deprecation-contracts (v3.6.0)
  - Downloading psr/container (2.0.2)
  - Downloading symfony/polyfill-mbstring (v1.33.0)
  - Downloading symfony/http-foundation (v7.4.1)
  - Downloading fruitcake/php-cors (v1.4.0)
  - Downloading psr/http-message (2.0)
  - Downloading psr/http-client (1.0.3)
  - Downloading ralouphie/getallheaders (3.0.3)
  - Downloading psr/http-factory (1.1.0)
  - Downloading guzzlehttp/psr7 (2.8.0)
  - Downloading guzzlehttp/promises (2.3.0)
  - Downloading guzzlehttp/guzzle (7.10.0)
  - Downloading symfony/polyfill-php80 (v1.33.0)
  - Downloading guzzlehttp/uri-template (v1.0.5)
  - Downloading symfony/polyfill-php85 (v1.33.0)
  - Downloading psr/log (3.0.2)
  - Downloading mongodb/mongodb (2.1.2)
  - Downloading voku/portable-ascii (2.0.3)
  - Downloading symfony/polyfill-ctype (v1.33.0)
  - Downloading phpoption/phpoption (1.9.4)
  - Downloading graham-campbell/result-type (v1.1.3)
  - Downloading vlucas/phpdotenv (v5.6.2)
  - Downloading symfony/css-selector (v7.4.0)
  - Downloading tijsverkoyen/css-to-inline-styles (v2.3.0)
  - Downloading symfony/var-dumper (v7.4.0)
  - Downloading symfony/polyfill-uuid (v1.33.0)
  - Downloading symfony/uid (v7.4.0)
  - Downloading symfony/routing (v7.4.0)
  - Downloading symfony/process (v7.4.0)
  - Downloading symfony/polyfill-php84 (v1.33.0)
  - Downloading symfony/polyfill-php83 (v1.33.0)
  - Downloading symfony/polyfill-intl-normalizer (v1.33.0)
  - Downloading symfony/polyfill-intl-idn (v1.33.0)
  - Downloading symfony/mime (v7.4.0)
  - Downloading symfony/service-contracts (v3.6.1)
  - Downloading psr/event-dispatcher (1.0.0)
  - Downloading symfony/event-dispatcher-contracts (v3.6.0)
  - Downloading symfony/event-dispatcher (v7.4.0)
  - Downloading egulias/email-validator (4.0.4)
  - Downloading symfony/mailer (v7.4.0)
  - Downloading symfony/error-handler (v7.4.0)
  - Downloading symfony/http-kernel (v7.4.2)
  - Downloading symfony/finder (v7.4.0)
  - Downloading symfony/polyfill-intl-grapheme (v1.33.0)
  - Downloading symfony/string (v7.4.0)
  - Downloading symfony/console (v7.4.1)
  - Downloading ramsey/collection (2.1.1)
  - Downloading brick/math (0.14.1)
  - Downloading ramsey/uuid (4.9.1)
  - Downloading psr/simple-cache (3.0.0)
  - Downloading nunomaduro/termwind (v2.3.3)
  - Downloading symfony/translation-contracts (v3.6.1)
  - Downloading symfony/translation (v7.4.0)
  - Downloading psr/clock (1.0.0)
  - Downloading symfony/clock (v7.4.0)
  - Downloading carbonphp/carbon-doctrine-types (3.2.0)
  - Downloading nesbot/carbon (3.11.0)
  - Downloading monolog/monolog (3.9.0)
  - Downloading league/uri-interfaces (7.7.0)
  - Downloading league/uri (7.7.0)
  - Downloading league/mime-type-detection (1.16.0)
  - Downloading league/flysystem-local (3.30.2)
  - Downloading league/flysystem (3.30.2)
  - Downloading nette/utils (v4.1.0)
  - Downloading nette/schema (v1.3.3)
  - Downloading dflydev/dot-access-data (v3.0.3)
  - Downloading league/config (v1.2.0)
  - Downloading league/commonmark (2.8.0)
  - Downloading laravel/serializable-closure (v2.0.7)
  - Downloading laravel/prompts (v0.3.8)
  - Downloading laravel/framework (v12.42.0)
  - Downloading jenssegers/mongodb (5.5.0)
  - Downloading nikic/php-parser (v5.7.0)
  - Downloading psy/psysh (v0.12.16)
  - Downloading laravel/tinker (v2.10.2)
  0/78 [&gt;---------------------------]   0%
  3/78 [=&gt;--------------------------]   3%
  8/78 [==&gt;-------------------------]  10%
 18/78 [======&gt;---------------------]  23%
 24/78 [========&gt;-------------------]  30%
 33/78 [===========&gt;----------------]  42%
 39/78 [==============&gt;-------------]  50%
 51/78 [==================&gt;---------]  65%
 55/78 [===================&gt;--------]  70%
 65/78 [=======================&gt;----]  83%
 71/78 [=========================&gt;--]  91%
 78/78 [============================] 100%
  - Installing doctrine/inflector (2.1.0): Extracting archive
  - Installing doctrine/lexer (3.0.1): Extracting archive
  - Installing dragonmantank/cron-expression (v3.6.0): Extracting archive
  - Installing symfony/deprecation-contracts (v3.6.0): Extracting archive
  - Installing psr/container (2.0.2): Extracting archive
  - Installing fakerphp/faker (v1.24.1): Extracting archive
  - Installing symfony/polyfill-mbstring (v1.33.0): Extracting archive
  - Installing symfony/http-foundation (v7.4.1): Extracting archive
  - Installing fruitcake/php-cors (v1.4.0): Extracting archive
  - Installing psr/http-message (2.0): Extracting archive
  - Installing psr/http-client (1.0.3): Extracting archive
  - Installing ralouphie/getallheaders (3.0.3): Extracting archive
  - Installing psr/http-factory (1.1.0): Extracting archive
  - Installing guzzlehttp/psr7 (2.8.0): Extracting archive
  - Installing guzzlehttp/promises (2.3.0): Extracting archive
  - Installing guzzlehttp/guzzle (7.10.0): Extracting archive
  - Installing symfony/polyfill-php80 (v1.33.0): Extracting archive
  - Installing guzzlehttp/uri-template (v1.0.5): Extracting archive
  - Installing symfony/polyfill-php85 (v1.33.0): Extracting archive
  - Installing psr/log (3.0.2): Extracting archive
  - Installing mongodb/mongodb (2.1.2): Extracting archive
  - Installing voku/portable-ascii (2.0.3): Extracting archive
  - Installing symfony/polyfill-ctype (v1.33.0): Extracting archive
  - Installing phpoption/phpoption (1.9.4): Extracting archive
  - Installing graham-campbell/result-type (v1.1.3): Extracting archive
  - Installing vlucas/phpdotenv (v5.6.2): Extracting archive
  - Installing symfony/css-selector (v7.4.0): Extracting archive
  - Installing tijsverkoyen/css-to-inline-styles (v2.3.0): Extracting archive
  - Installing symfony/var-dumper (v7.4.0): Extracting archive
  - Installing symfony/polyfill-uuid (v1.33.0): Extracting archive
  - Installing symfony/uid (v7.4.0): Extracting archive
  - Installing symfony/routing (v7.4.0): Extracting archive
  - Installing symfony/process (v7.4.0): Extracting archive
  - Installing symfony/polyfill-php84 (v1.33.0): Extracting archive
  - Installing symfony/polyfill-php83 (v1.33.0): Extracting archive
  - Installing symfony/polyfill-intl-normalizer (v1.33.0): Extracting archive
  - Installing symfony/polyfill-intl-idn (v1.33.0): Extracting archive
  - Installing symfony/mime (v7.4.0): Extracting archive
  - Installing symfony/service-contracts (v3.6.1): Extracting archive
  - Installing psr/event-dispatcher (1.0.0): Extracting archive
  - Installing symfony/event-dispatcher-contracts (v3.6.0): Extracting archive
  - Installing symfony/event-dispatcher (v7.4.0): Extracting archive
  - Installing egulias/email-validator (4.0.4): Extracting archive
  - Installing symfony/mailer (v7.4.0): Extracting archive
  - Installing symfony/error-handler (v7.4.0): Extracting archive
  - Installing symfony/http-kernel (v7.4.2): Extracting archive
  - Installing symfony/finder (v7.4.0): Extracting archive
  - Installing symfony/polyfill-intl-grapheme (v1.33.0): Extracting archive
  - Installing symfony/string (v7.4.0): Extracting archive
  - Installing symfony/console (v7.4.1): Extracting archive
  - Installing ramsey/collection (2.1.1): Extracting archive
  - Installing brick/math (0.14.1): Extracting archive
  - Installing ramsey/uuid (4.9.1): Extracting archive
  - Installing psr/simple-cache (3.0.0): Extracting archive
  - Installing nunomaduro/termwind (v2.3.3): Extracting archive
  - Installing symfony/translation-contracts (v3.6.1): Extracting archive
  - Installing symfony/translation (v7.4.0): Extracting archive
  - Installing psr/clock (1.0.0): Extracting archive
  - Installing symfony/clock (v7.4.0): Extracting archive
  - Installing carbonphp/carbon-doctrine-types (3.2.0): Extracting archive
  - Installing nesbot/carbon (3.11.0): Extracting archive
  - Installing monolog/monolog (3.9.0): Extracting archive
  - Installing league/uri-interfaces (7.7.0): Extracting archive
  - Installing league/uri (7.7.0): Extracting archive
  - Installing league/mime-type-detection (1.16.0): Extracting archive
  - Installing league/flysystem-local (3.30.2): Extracting archive
  - Installing league/flysystem (3.30.2): Extracting archive
  - Installing nette/utils (v4.1.0): Extracting archive
  - Installing nette/schema (v1.3.3): Extracting archive
  - Installing dflydev/dot-access-data (v3.0.3): Extracting archive
  - Installing league/config (v1.2.0): Extracting archive
  - Installing league/commonmark (2.8.0): Extracting archive
  - Installing laravel/serializable-closure (v2.0.7): Extracting archive
  - Installing laravel/prompts (v0.3.8): Extracting archive
  - Installing laravel/framework (v12.42.0): Extracting archive
  - Installing jenssegers/mongodb (5.5.0): Extracting archive
  - Installing laravel/pail (v1.2.4): Extracting archive
  - Installing laravel/pint (v1.26.0): Extracting archive
  - Installing symfony/yaml (v7.4.1): Extracting archive
  - Installing laravel/sail (v1.51.0): Extracting archive
  - Installing nikic/php-parser (v5.7.0): Extracting archive
  - Installing psy/psysh (v0.12.16): Extracting archive
  - Installing laravel/tinker (v2.10.2): Extracting archive
  - Installing hamcrest/hamcrest-php (v2.1.1): Extracting archive
  - Installing mockery/mockery (1.6.12): Extracting archive
  - Installing filp/whoops (2.18.4): Extracting archive
  - Installing nunomaduro/collision (v8.8.3): Extracting archive
  - Installing staabm/side-effects-detector (1.0.5): Extracting archive
  - Installing sebastian/version (5.0.2): Extracting archive
  - Installing sebastian/type (5.1.3): Extracting archive
  - Installing sebastian/recursion-context (6.0.3): Extracting archive
  - Installing sebastian/object-reflector (4.0.1): Extracting archive
  - Installing sebastian/object-enumerator (6.0.1): Extracting archive
  - Installing sebastian/global-state (7.0.2): Extracting archive
  - Installing sebastian/exporter (6.3.2): Extracting archive
  - Installing sebastian/environment (7.2.1): Extracting archive
  - Installing sebastian/diff (6.0.2): Extracting archive
  - Installing sebastian/comparator (6.3.2): Extracting archive
  - Installing sebastian/code-unit (3.0.3): Extracting archive
  - Installing sebastian/cli-parser (3.0.2): Extracting archive
  - Installing phpunit/php-timer (7.0.1): Extracting archive
  - Installing phpunit/php-text-template (4.0.1): Extracting archive
  - Installing phpunit/php-invoker (5.0.1): Extracting archive
  - Installing phpunit/php-file-iterator (5.1.0): Extracting archive
  - Installing theseer/tokenizer (1.3.1): Extracting archive
  - Installing sebastian/lines-of-code (3.0.1): Extracting archive
  - Installing sebastian/complexity (4.0.1): Extracting archive
  - Installing sebastian/code-unit-reverse-lookup (4.0.1): Extracting archive
  - Installing phpunit/php-code-coverage (11.0.11): Extracting archive
  - Installing phar-io/version (3.2.1): Extracting archive
  - Installing phar-io/manifest (2.0.4): Extracting archive
  - Installing myclabs/deep-copy (1.13.4): Extracting archive
  - Installing phpunit/phpunit (11.5.46): Extracting archive
   0/113 [&gt;---------------------------]   0%
   9/113 [==&gt;-------------------------]   7%
  18/113 [====&gt;-----------------------]  15%
  25/113 [======&gt;---------------------]  22%
  35/113 [========&gt;-------------------]  30%
  45/113 [===========&gt;----------------]  39%
  48/113 [===========&gt;----------------]  42%
  59/113 [==============&gt;-------------]  52%
  68/113 [================&gt;-----------]  60%
  74/113 [==================&gt;---------]  65%
  79/113 [===================&gt;--------]  69%
  81/113 [====================&gt;-------]  71%
  91/113 [======================&gt;-----]  80%
 105/113 [==========================&gt;-]  92%
 112/113 [===========================&gt;]  99%
 113/113 [============================] 100%
Package jenssegers/mongodb is abandoned, you should avoid using it. Use mongodb/laravel-mongodb instead.
Generating optimized autoload files
&gt; Illuminate\Foundation\ComposerScripts::postAutoloadDump
&gt; @php artisan package:discover --ansi
Script @php artisan package:discover --ansi handling the post-autoload-dump event returned with error code 255
/bin/bash -c &quot;oryx build /tmp/zipdeploy/extracted -o /home/site/wwwroot --platform php --platform-version 8.2 -p virtualenv_name= --log-file /tmp/build-debug.log  -i /tmp/8de3a49d0ce886f | tee /tmp/oryx-build.log ; exit $PIPESTATUS &quot;" stackTrace="   at Kudu.Core.Infrastructure.Executable.ExecuteInternal(ITracer tracer, Func`2 onWriteOutput, Func`2 onWriteError, CancellationToken token, Encoding encoding, String arguments, Object[] args) in /tmp/KuduLite/Kudu.Core/Infrastructure/Executable.cs:line 239
   at Kudu.Core.Infrastructure.Executable.ExecuteWithProgressWriter(ILogger logger, ITracer tracer, CancellationToken token, String arguments, Object[] args) in /tmp/KuduLite/Kudu.Core/Infrastructure/Executable.cs:line 118
   at Kudu.Core.Deployment.Generator.ExternalCommandBuilder.RunCommand(DeploymentContext context, String command, Boolean ignoreManifest, CancellationToken token, String message) in /tmp/KuduLite/Kudu.Core/Deployment/Generator/ExternalCommandBuilder.cs:line 122" /><!-- duration: 8ms -->
              <step title="Error occurred" date="2025-12-13T13:18:13.198" type="error" text="Installing dependencies from lock file (including require-dev)
Verifying lock file contents can be installed on current platform.
Package operations: 113 installs, 0 updates, 0 removals
  - Downloading doctrine/inflector (2.1.0)
  - Downloading doctrine/lexer (3.0.1)
  - Downloading dragonmantank/cron-expression (v3.6.0)
  - Downloading symfony/deprecation-contracts (v3.6.0)
  - Downloading psr/container (2.0.2)
  - Downloading symfony/polyfill-mbstring (v1.33.0)
  - Downloading symfony/http-foundation (v7.4.1)
  - Downloading fruitcake/php-cors (v1.4.0)
  - Downloading psr/http-message (2.0)
  - Downloading psr/http-client (1.0.3)
  - Downloading ralouphie/getallheaders (3.0.3)
  - Downloading psr/http-factory (1.1.0)
  - Downloading guzzlehttp/psr7 (2.8.0)
  - Downloading guzzlehttp/promises (2.3.0)
  - Downloading guzzlehttp/guzzle (7.10.0)
  - Downloading symfony/polyfill-php80 (v1.33.0)
  - Downloading guzzlehttp/uri-template (v1.0.5)
  - Downloading symfony/polyfill-php85 (v1.33.0)
  - Downloading psr/log (3.0.2)
  - Downloading mongodb/mongodb (2.1.2)
  - Downloading voku/portable-ascii (2.0.3)
  - Downloading symfony/polyfill-ctype (v1.33.0)
  - Downloading phpoption/phpoption (1.9.4)
  - Downloading graham-campbell/result-type (v1.1.3)
  - Downloading vlucas/phpdotenv (v5.6.2)
  - Downloading symfony/css-selector (v7.4.0)
  - Downloading tijsverkoyen/css-to-inline-styles (v2.3.0)
  - Downloading symfony/var-dumper (v7.4.0)
  - Downloading symfony/polyfill-uuid (v1.33.0)
  - Downloading symfony/uid (v7.4.0)
  - Downloading symfony/routing (v7.4.0)
  - Downloading symfony/process (v7.4.0)
  - Downloading symfony/polyfill-php84 (v1.33.0)
  - Downloading symfony/polyfill-php83 (v1.33.0)
  - Downloading symfony/polyfill-intl-normalizer (v1.33.0)
  - Downloading symfony/polyfill-intl-idn (v1.33.0)
  - Downloading symfony/mime (v7.4.0)
  - Downloading symfony/service-contracts (v3.6.1)
  - Downloading psr/event-dispatcher (1.0.0)
  - Downloading symfony/event-dispatcher-contracts (v3.6.0)
  - Downloading symfony/event-dispatcher (v7.4.0)
  - Downloading egulias/email-validator (4.0.4)
  - Downloading symfony/mailer (v7.4.0)
  - Downloading symfony/error-handler (v7.4.0)
  - Downloading symfony/http-kernel (v7.4.2)
  - Downloading symfony/finder (v7.4.0)
  - Downloading symfony/polyfill-intl-grapheme (v1.33.0)
  - Downloading symfony/string (v7.4.0)
  - Downloading symfony/console (v7.4.1)
  - Downloading ramsey/collection (2.1.1)
  - Downloading brick/math (0.14.1)
  - Downloading ramsey/uuid (4.9.1)
  - Downloading psr/simple-cache (3.0.0)
  - Downloading nunomaduro/termwind (v2.3.3)
  - Downloading symfony/translation-contracts (v3.6.1)
  - Downloading symfony/translation (v7.4.0)
  - Downloading psr/clock (1.0.0)
  - Downloading symfony/clock (v7.4.0)
  - Downloading carbonphp/carbon-doctrine-types (3.2.0)
  - Downloading nesbot/carbon (3.11.0)
  - Downloading monolog/monolog (3.9.0)
  - Downloading league/uri-interfaces (7.7.0)
  - Downloading league/uri (7.7.0)
  - Downloading league/mime-type-detection (1.16.0)
  - Downloading league/flysystem-local (3.30.2)
  - Downloading league/flysystem (3.30.2)
  - Downloading nette/utils (v4.1.0)
  - Downloading nette/schema (v1.3.3)
  - Downloading dflydev/dot-access-data (v3.0.3)
  - Downloading league/config (v1.2.0)
  - Downloading league/commonmark (2.8.0)
  - Downloading laravel/serializable-closure (v2.0.7)
  - Downloading laravel/prompts (v0.3.8)
  - Downloading laravel/framework (v12.42.0)
  - Downloading jenssegers/mongodb (5.5.0)
  - Downloading nikic/php-parser (v5.7.0)
  - Downloading psy/psysh (v0.12.16)
  - Downloading laravel/tinker (v2.10.2)
  0/78 [&gt;---------------------------]   0%
  3/78 [=&gt;--------------------------]   3%
  8/78 [==&gt;-------------------------]  10%
 18/78 [======&gt;---------------------]  23%
 24/78 [========&gt;-------------------]  30%
 33/78 [===========&gt;----------------]  42%
 39/78 [==============&gt;-------------]  50%
 51/78 [==================&gt;---------]  65%
 55/78 [===================&gt;--------]  70%
 65/78 [=======================&gt;----]  83%
 71/78 [=========================&gt;--]  91%
 78/78 [============================] 100%
  - Installing doctrine/inflector (2.1.0): Extracting archive
  - Installing doctrine/lexer (3.0.1): Extracting archive
  - Installing dragonmantank/cron-expression (v3.6.0): Extracting archive
  - Installing symfony/deprecation-contracts (v3.6.0): Extracting archive
  - Installing psr/container (2.0.2): Extracting archive
  - Installing fakerphp/faker (v1.24.1): Extracting archive
  - Installing symfony/polyfill-mbstring (v1.33.0): Extracting archive
  - Installing symfony/http-foundation (v7.4.1): Extracting archive
  - Installing fruitcake/php-cors (v1.4.0): Extracting archive
  - Installing psr/http-message (2.0): Extracting archive
  - Installing psr/http-client (1.0.3): Extracting archive
  - Installing ralouphie/getallheaders (3.0.3): Extracting archive
  - Installing psr/http-factory (1.1.0): Extracting archive
  - Installing guzzlehttp/psr7 (2.8.0): Extracting archive
  - Installing guzzlehttp/promises (2.3.0): Extracting archive
  - Installing guzzlehttp/guzzle (7.10.0): Extracting archive
  - Installing symfony/polyfill-php80 (v1.33.0): Extracting archive
  - Installing guzzlehttp/uri-template (v1.0.5): Extracting archive
  - Installing symfony/polyfill-php85 (v1.33.0): Extracting archive
  - Installing psr/log (3.0.2): Extracting archive
  - Installing mongodb/mongodb (2.1.2): Extracting archive
  - Installing voku/portable-ascii (2.0.3): Extracting archive
  - Installing symfony/polyfill-ctype (v1.33.0): Extracting archive
  - Installing phpoption/phpoption (1.9.4): Extracting archive
  - Installing graham-campbell/result-type (v1.1.3): Extracting archive
  - Installing vlucas/phpdotenv (v5.6.2): Extracting archive
  - Installing symfony/css-selector (v7.4.0): Extracting archive
  - Installing tijsverkoyen/css-to-inline-styles (v2.3.0): Extracting archive
  - Installing symfony/var-dumper (v7.4.0): Extracting archive
  - Installing symfony/polyfill-uuid (v1.33.0): Extracting archive
  - Installing symfony/uid (v7.4.0): Extracting archive
  - Installing symfony/routing (v7.4.0): Extracting archive
  - Installing symfony/process (v7.4.0): Extracting archive
  - Installing symfony/polyfill-php84 (v1.33.0): Extracting archive
  - Installing symfony/polyfill-php83 (v1.33.0): Extracting archive
  - Installing symfony/polyfill-intl-normalizer (v1.33.0): Extracting archive
  - Installing symfony/polyfill-intl-idn (v1.33.0): Extracting archive
  - Installing symfony/mime (v7.4.0): Extracting archive
  - Installing symfony/service-contracts (v3.6.1): Extracting archive
  - Installing psr/event-dispatcher (1.0.0): Extracting archive
  - Installing symfony/event-dispatcher-contracts (v3.6.0): Extracting archive
  - Installing symfony/event-dispatcher (v7.4.0): Extracting archive
  - Installing egulias/email-validator (4.0.4): Extracting archive
  - Installing symfony/mailer (v7.4.0): Extracting archive
  - Installing symfony/error-handler (v7.4.0): Extracting archive
  - Installing symfony/http-kernel (v7.4.2): Extracting archive
  - Installing symfony/finder (v7.4.0): Extracting archive
  - Installing symfony/polyfill-intl-grapheme (v1.33.0): Extracting archive
  - Installing symfony/string (v7.4.0): Extracting archive
  - Installing symfony/console (v7.4.1): Extracting archive
  - Installing ramsey/collection (2.1.1): Extracting archive
  - Installing brick/math (0.14.1): Extracting archive
  - Installing ramsey/uuid (4.9.1): Extracting archive
  - Installing psr/simple-cache (3.0.0): Extracting archive
  - Installing nunomaduro/termwind (v2.3.3): Extracting archive
  - Installing symfony/translation-contracts (v3.6.1): Extracting archive
  - Installing symfony/translation (v7.4.0): Extracting archive
  - Installing psr/clock (1.0.0): Extracting archive
  - Installing symfony/clock (v7.4.0): Extracting archive
  - Installing carbonphp/carbon-doctrine-types (3.2.0): Extracting archive
  - Installing nesbot/carbon (3.11.0): Extracting archive
  - Installing monolog/monolog (3.9.0): Extracting archive
  - Installing league/uri-interfaces (7.7.0): Extracting archive
  - Installing league/uri (7.7.0): Extracting archive
  - Installing league/mime-type-detection (1.16.0): Extracting archive
  - Installing league/flysystem-local (3.30.2): Extracting archive
  - Installing league/flysystem (3.30.2): Extracting archive
  - Installing nette/utils (v4.1.0): Extracting archive
  - Installing nette/schema (v1.3.3): Extracting archive
  - Installing dflydev/dot-access-data (v3.0.3): Extracting archive
  - Installing league/config (v1.2.0): Extracting archive
  - Installing league/commonmark (2.8.0): Extracting archive
  - Installing laravel/serializable-closure (v2.0.7): Extracting archive
  - Installing laravel/prompts (v0.3.8): Extracting archive
  - Installing laravel/framework (v12.42.0): Extracting archive
  - Installing jenssegers/mongodb (5.5.0): Extracting archive
  - Installing laravel/pail (v1.2.4): Extracting archive
  - Installing laravel/pint (v1.26.0): Extracting archive
  - Installing symfony/yaml (v7.4.1): Extracting archive
  - Installing laravel/sail (v1.51.0): Extracting archive
  - Installing nikic/php-parser (v5.7.0): Extracting archive
  - Installing psy/psysh (v0.12.16): Extracting archive
  - Installing laravel/tinker (v2.10.2): Extracting archive
  - Installing hamcrest/hamcrest-php (v2.1.1): Extracting archive
  - Installing mockery/mockery (1.6.12): Extracting archive
  - Installing filp/whoops (2.18.4): Extracting archive
  - Installing nunomaduro/collision (v8.8.3): Extracting archive
  - Installing staabm/side-effects-detector (1.0.5): Extracting archive
  - Installing sebastian/version (5.0.2): Extracting archive
  - Installing sebastian/type (5.1.3): Extracting archive
  - Installing sebastian/recursion-context (6.0.3): Extracting archive
  - Installing sebastian/object-reflector (4.0.1): Extracting archive
  - Installing sebastian/object-enumerator (6.0.1): Extracting archive
  - Installing sebastian/global-state (7.0.2): Extracting archive
  - Installing sebastian/exporter (6.3.2): Extracting archive
  - Installing sebastian/environment (7.2.1): Extracting archive
  - Installing sebastian/diff (6.0.2): Extracting archive
  - Installing sebastian/comparator (6.3.2): Extracting archive
  - Installing sebastian/code-unit (3.0.3): Extracting archive
  - Installing sebastian/cli-parser (3.0.2): Extracting archive
  - Installing phpunit/php-timer (7.0.1): Extracting archive
  - Installing phpunit/php-text-template (4.0.1): Extracting archive
  - Installing phpunit/php-invoker (5.0.1): Extracting archive
  - Installing phpunit/php-file-iterator (5.1.0): Extracting archive
  - Installing theseer/tokenizer (1.3.1): Extracting archive
  - Installing sebastian/lines-of-code (3.0.1): Extracting archive
  - Installing sebastian/complexity (4.0.1): Extracting archive
  - Installing sebastian/code-unit-reverse-lookup (4.0.1): Extracting archive
  - Installing phpunit/php-code-coverage (11.0.11): Extracting archive
  - Installing phar-io/version (3.2.1): Extracting archive
  - Installing phar-io/manifest (2.0.4): Extracting archive
  - Installing myclabs/deep-copy (1.13.4): Extracting archive
  - Installing phpunit/phpunit (11.5.46): Extracting archive
   0/113 [&gt;---------------------------]   0%
   9/113 [==&gt;-------------------------]   7%
  18/113 [====&gt;-----------------------]  15%
  25/113 [======&gt;---------------------]  22%
  35/113 [========&gt;-------------------]  30%
  45/113 [===========&gt;----------------]  39%
  48/113 [===========&gt;----------------]  42%
  59/113 [==============&gt;-------------]  52%
  68/113 [================&gt;-----------]  60%
  74/113 [==================&gt;---------]  65%
  79/113 [===================&gt;--------]  69%
  81/113 [====================&gt;-------]  71%
  91/113 [======================&gt;-----]  80%
 105/113 [==========================&gt;-]  92%
 112/113 [===========================&gt;]  99%
 113/113 [============================] 100%
Package jenssegers/mongodb is abandoned, you should avoid using it. Use mongodb/laravel-mongodb instead.
Generating optimized autoload files
&gt; Illuminate\Foundation\ComposerScripts::postAutoloadDump
&gt; @php artisan package:discover --ansi
Script @php artisan package:discover --ansi handling the post-autoload-dump event returned with error code 255
/bin/bash -c &quot;oryx build /tmp/zipdeploy/extracted -o /home/site/wwwroot --platform php --platform-version 8.2 -p virtualenv_name= --log-file /tmp/build-debug.log  -i /tmp/8de3a49d0ce886f | tee /tmp/oryx-build.log ; exit $PIPESTATUS &quot;" stackTrace="   at Kudu.Core.Infrastructure.Executable.ExecuteInternal(ITracer tracer, Func`2 onWriteOutput, Func`2 onWriteError, CancellationToken token, Encoding encoding, String arguments, Object[] args) in /tmp/KuduLite/Kudu.Core/Infrastructure/Executable.cs:line 239
   at Kudu.Core.Infrastructure.Executable.ExecuteWithProgressWriter(ILogger logger, ITracer tracer, CancellationToken token, String arguments, Object[] args) in /tmp/KuduLite/Kudu.Core/Infrastructure/Executable.cs:line 118
   at Kudu.Core.Deployment.Generator.ExternalCommandBuilder.RunCommand(DeploymentContext context, String command, Boolean ignoreManifest, CancellationToken token, String message) in /tmp/KuduLite/Kudu.Core/Deployment/Generator/ExternalCommandBuilder.cs:line 122
   at Kudu.Core.Deployment.Generator.OryxBuilder.RunBuildCommand(IOryxArguments args, DeploymentContext context, CancellationToken token) in /tmp/KuduLite/Kudu.Core/Deployment/Generator/OryxBuilder.cs:line 295
   at Kudu.Core.Deployment.Generator.OryxBuilder.Build(DeploymentContext context, CancellationToken token) in /tmp/KuduLite/Kudu.Core/Deployment/Generator/OryxBuilder.cs:line 136
   at Kudu.Core.Deployment.DeploymentManager.Build(ChangeSet changeSet, ITracer tracer, IDisposable deployStep, IRepository repository, DeploymentInfoBase deploymentInfo, DeploymentAnalytics deploymentAnalytics, Boolean fullBuildByDefault, CancellationToken cancellationToken) in /tmp/KuduLite/Kudu.Core/Deployment/DeploymentManager.cs:line 771" /><!-- duration: 2ms -->
              <step title="Using GenericDeploymentLogParser" date="2025-12-13T13:18:13.462" /><!-- duration: 19ms -->
            </step><!-- duration: 109017ms -->
          </step><!-- duration: 109146ms -->
          <step title="Error occurred" date="2025-12-13T13:18:14.584" type="error" text="Installing dependencies from lock file (including require-dev)
Verifying lock file contents can be installed on current platform.
Package operations: 113 installs, 0 updates, 0 removals
  - Downloading doctrine/inflector (2.1.0)
  - Downloading doctrine/lexer (3.0.1)
  - Downloading dragonmantank/cron-expression (v3.6.0)
  - Downloading symfony/deprecation-contracts (v3.6.0)
  - Downloading psr/container (2.0.2)
  - Downloading symfony/polyfill-mbstring (v1.33.0)
  - Downloading symfony/http-foundation (v7.4.1)
  - Downloading fruitcake/php-cors (v1.4.0)
  - Downloading psr/http-message (2.0)
  - Downloading psr/http-client (1.0.3)
  - Downloading ralouphie/getallheaders (3.0.3)
  - Downloading psr/http-factory (1.1.0)
  - Downloading guzzlehttp/psr7 (2.8.0)
  - Downloading guzzlehttp/promises (2.3.0)
  - Downloading guzzlehttp/guzzle (7.10.0)
  - Downloading symfony/polyfill-php80 (v1.33.0)
  - Downloading guzzlehttp/uri-template (v1.0.5)
  - Downloading symfony/polyfill-php85 (v1.33.0)
  - Downloading psr/log (3.0.2)
  - Downloading mongodb/mongodb (2.1.2)
  - Downloading voku/portable-ascii (2.0.3)
  - Downloading symfony/polyfill-ctype (v1.33.0)
  - Downloading phpoption/phpoption (1.9.4)
  - Downloading graham-campbell/result-type (v1.1.3)
  - Downloading vlucas/phpdotenv (v5.6.2)
  - Downloading symfony/css-selector (v7.4.0)
  - Downloading tijsverkoyen/css-to-inline-styles (v2.3.0)
  - Downloading symfony/var-dumper (v7.4.0)
  - Downloading symfony/polyfill-uuid (v1.33.0)
  - Downloading symfony/uid (v7.4.0)
  - Downloading symfony/routing (v7.4.0)
  - Downloading symfony/process (v7.4.0)
  - Downloading symfony/polyfill-php84 (v1.33.0)
  - Downloading symfony/polyfill-php83 (v1.33.0)
  - Downloading symfony/polyfill-intl-normalizer (v1.33.0)
  - Downloading symfony/polyfill-intl-idn (v1.33.0)
  - Downloading symfony/mime (v7.4.0)
  - Downloading symfony/service-contracts (v3.6.1)
  - Downloading psr/event-dispatcher (1.0.0)
  - Downloading symfony/event-dispatcher-contracts (v3.6.0)
  - Downloading symfony/event-dispatcher (v7.4.0)
  - Downloading egulias/email-validator (4.0.4)
  - Downloading symfony/mailer (v7.4.0)
  - Downloading symfony/error-handler (v7.4.0)
  - Downloading symfony/http-kernel (v7.4.2)
  - Downloading symfony/finder (v7.4.0)
  - Downloading symfony/polyfill-intl-grapheme (v1.33.0)
  - Downloading symfony/string (v7.4.0)
  - Downloading symfony/console (v7.4.1)
  - Downloading ramsey/collection (2.1.1)
  - Downloading brick/math (0.14.1)
  - Downloading ramsey/uuid (4.9.1)
  - Downloading psr/simple-cache (3.0.0)
  - Downloading nunomaduro/termwind (v2.3.3)
  - Downloading symfony/translation-contracts (v3.6.1)
  - Downloading symfony/translation (v7.4.0)
  - Downloading psr/clock (1.0.0)
  - Downloading symfony/clock (v7.4.0)
  - Downloading carbonphp/carbon-doctrine-types (3.2.0)
  - Downloading nesbot/carbon (3.11.0)
  - Downloading monolog/monolog (3.9.0)
  - Downloading league/uri-interfaces (7.7.0)
  - Downloading league/uri (7.7.0)
  - Downloading league/mime-type-detection (1.16.0)
  - Downloading league/flysystem-local (3.30.2)
  - Downloading league/flysystem (3.30.2)
  - Downloading nette/utils (v4.1.0)
  - Downloading nette/schema (v1.3.3)
  - Downloading dflydev/dot-access-data (v3.0.3)
  - Downloading league/config (v1.2.0)
  - Downloading league/commonmark (2.8.0)
  - Downloading laravel/serializable-closure (v2.0.7)
  - Downloading laravel/prompts (v0.3.8)
  - Downloading laravel/framework (v12.42.0)
  - Downloading jenssegers/mongodb (5.5.0)
  - Downloading nikic/php-parser (v5.7.0)
  - Downloading psy/psysh (v0.12.16)
  - Downloading laravel/tinker (v2.10.2)
  0/78 [&gt;---------------------------]   0%
  3/78 [=&gt;--------------------------]   3%
  8/78 [==&gt;-------------------------]  10%
 18/78 [======&gt;---------------------]  23%
 24/78 [========&gt;-------------------]  30%
 33/78 [===========&gt;----------------]  42%
 39/78 [==============&gt;-------------]  50%
 51/78 [==================&gt;---------]  65%
 55/78 [===================&gt;--------]  70%
 65/78 [=======================&gt;----]  83%
 71/78 [=========================&gt;--]  91%
 78/78 [============================] 100%
  - Installing doctrine/inflector (2.1.0): Extracting archive
  - Installing doctrine/lexer (3.0.1): Extracting archive
  - Installing dragonmantank/cron-expression (v3.6.0): Extracting archive
  - Installing symfony/deprecation-contracts (v3.6.0): Extracting archive
  - Installing psr/container (2.0.2): Extracting archive
  - Installing fakerphp/faker (v1.24.1): Extracting archive
  - Installing symfony/polyfill-mbstring (v1.33.0): Extracting archive
  - Installing symfony/http-foundation (v7.4.1): Extracting archive
  - Installing fruitcake/php-cors (v1.4.0): Extracting archive
  - Installing psr/http-message (2.0): Extracting archive
  - Installing psr/http-client (1.0.3): Extracting archive
  - Installing ralouphie/getallheaders (3.0.3): Extracting archive
  - Installing psr/http-factory (1.1.0): Extracting archive
  - Installing guzzlehttp/psr7 (2.8.0): Extracting archive
  - Installing guzzlehttp/promises (2.3.0): Extracting archive
  - Installing guzzlehttp/guzzle (7.10.0): Extracting archive
  - Installing symfony/polyfill-php80 (v1.33.0): Extracting archive
  - Installing guzzlehttp/uri-template (v1.0.5): Extracting archive
  - Installing symfony/polyfill-php85 (v1.33.0): Extracting archive
  - Installing psr/log (3.0.2): Extracting archive
  - Installing mongodb/mongodb (2.1.2): Extracting archive
  - Installing voku/portable-ascii (2.0.3): Extracting archive
  - Installing symfony/polyfill-ctype (v1.33.0): Extracting archive
  - Installing phpoption/phpoption (1.9.4): Extracting archive
  - Installing graham-campbell/result-type (v1.1.3): Extracting archive
  - Installing vlucas/phpdotenv (v5.6.2): Extracting archive
  - Installing symfony/css-selector (v7.4.0): Extracting archive
  - Installing tijsverkoyen/css-to-inline-styles (v2.3.0): Extracting archive
  - Installing symfony/var-dumper (v7.4.0): Extracting archive
  - Installing symfony/polyfill-uuid (v1.33.0): Extracting archive
  - Installing symfony/uid (v7.4.0): Extracting archive
  - Installing symfony/routing (v7.4.0): Extracting archive
  - Installing symfony/process (v7.4.0): Extracting archive
  - Installing symfony/polyfill-php84 (v1.33.0): Extracting archive
  - Installing symfony/polyfill-php83 (v1.33.0): Extracting archive
  - Installing symfony/polyfill-intl-normalizer (v1.33.0): Extracting archive
  - Installing symfony/polyfill-intl-idn (v1.33.0): Extracting archive
  - Installing symfony/mime (v7.4.0): Extracting archive
  - Installing symfony/service-contracts (v3.6.1): Extracting archive
  - Installing psr/event-dispatcher (1.0.0): Extracting archive
  - Installing symfony/event-dispatcher-contracts (v3.6.0): Extracting archive
  - Installing symfony/event-dispatcher (v7.4.0): Extracting archive
  - Installing egulias/email-validator (4.0.4): Extracting archive
  - Installing symfony/mailer (v7.4.0): Extracting archive
  - Installing symfony/error-handler (v7.4.0): Extracting archive
  - Installing symfony/http-kernel (v7.4.2): Extracting archive
  - Installing symfony/finder (v7.4.0): Extracting archive
  - Installing symfony/polyfill-intl-grapheme (v1.33.0): Extracting archive
  - Installing symfony/string (v7.4.0): Extracting archive
  - Installing symfony/console (v7.4.1): Extracting archive
  - Installing ramsey/collection (2.1.1): Extracting archive
  - Installing brick/math (0.14.1): Extracting archive
  - Installing ramsey/uuid (4.9.1): Extracting archive
  - Installing psr/simple-cache (3.0.0): Extracting archive
  - Installing nunomaduro/termwind (v2.3.3): Extracting archive
  - Installing symfony/translation-contracts (v3.6.1): Extracting archive
  - Installing symfony/translation (v7.4.0): Extracting archive
  - Installing psr/clock (1.0.0): Extracting archive
  - Installing symfony/clock (v7.4.0): Extracting archive
  - Installing carbonphp/carbon-doctrine-types (3.2.0): Extracting archive
  - Installing nesbot/carbon (3.11.0): Extracting archive
  - Installing monolog/monolog (3.9.0): Extracting archive
  - Installing league/uri-interfaces (7.7.0): Extracting archive
  - Installing league/uri (7.7.0): Extracting archive
  - Installing league/mime-type-detection (1.16.0): Extracting archive
  - Installing league/flysystem-local (3.30.2): Extracting archive
  - Installing league/flysystem (3.30.2): Extracting archive
  - Installing nette/utils (v4.1.0): Extracting archive
  - Installing nette/schema (v1.3.3): Extracting archive
  - Installing dflydev/dot-access-data (v3.0.3): Extracting archive
  - Installing league/config (v1.2.0): Extracting archive
  - Installing league/commonmark (2.8.0): Extracting archive
  - Installing laravel/serializable-closure (v2.0.7): Extracting archive
  - Installing laravel/prompts (v0.3.8): Extracting archive
  - Installing laravel/framework (v12.42.0): Extracting archive
  - Installing jenssegers/mongodb (5.5.0): Extracting archive
  - Installing laravel/pail (v1.2.4): Extracting archive
  - Installing laravel/pint (v1.26.0): Extracting archive
  - Installing symfony/yaml (v7.4.1): Extracting archive
  - Installing laravel/sail (v1.51.0): Extracting archive
  - Installing nikic/php-parser (v5.7.0): Extracting archive
  - Installing psy/psysh (v0.12.16): Extracting archive
  - Installing laravel/tinker (v2.10.2): Extracting archive
  - Installing hamcrest/hamcrest-php (v2.1.1): Extracting archive
  - Installing mockery/mockery (1.6.12): Extracting archive
  - Installing filp/whoops (2.18.4): Extracting archive
  - Installing nunomaduro/collision (v8.8.3): Extracting archive
  - Installing staabm/side-effects-detector (1.0.5): Extracting archive
  - Installing sebastian/version (5.0.2): Extracting archive
  - Installing sebastian/type (5.1.3): Extracting archive
  - Installing sebastian/recursion-context (6.0.3): Extracting archive
  - Installing sebastian/object-reflector (4.0.1): Extracting archive
  - Installing sebastian/object-enumerator (6.0.1): Extracting archive
  - Installing sebastian/global-state (7.0.2): Extracting archive
  - Installing sebastian/exporter (6.3.2): Extracting archive
  - Installing sebastian/environment (7.2.1): Extracting archive
  - Installing sebastian/diff (6.0.2): Extracting archive
  - Installing sebastian/comparator (6.3.2): Extracting archive
  - Installing sebastian/code-unit (3.0.3): Extracting archive
  - Installing sebastian/cli-parser (3.0.2): Extracting archive
  - Installing phpunit/php-timer (7.0.1): Extracting archive
  - Installing phpunit/php-text-template (4.0.1): Extracting archive
  - Installing phpunit/php-invoker (5.0.1): Extracting archive
  - Installing phpunit/php-file-iterator (5.1.0): Extracting archive
  - Installing theseer/tokenizer (1.3.1): Extracting archive
  - Installing sebastian/lines-of-code (3.0.1): Extracting archive
  - Installing sebastian/complexity (4.0.1): Extracting archive
  - Installing sebastian/code-unit-reverse-lookup (4.0.1): Extracting archive
  - Installing phpunit/php-code-coverage (11.0.11): Extracting archive
  - Installing phar-io/version (3.2.1): Extracting archive
  - Installing phar-io/manifest (2.0.4): Extracting archive
  - Installing myclabs/deep-copy (1.13.4): Extracting archive
  - Installing phpunit/phpunit (11.5.46): Extracting archive
   0/113 [&gt;---------------------------]   0%
   9/113 [==&gt;-------------------------]   7%
  18/113 [====&gt;-----------------------]  15%
  25/113 [======&gt;---------------------]  22%
  35/113 [========&gt;-------------------]  30%
  45/113 [===========&gt;----------------]  39%
  48/113 [===========&gt;----------------]  42%
  59/113 [==============&gt;-------------]  52%
  68/113 [================&gt;-----------]  60%
  74/113 [==================&gt;---------]  65%
  79/113 [===================&gt;--------]  69%
  81/113 [====================&gt;-------]  71%
  91/113 [======================&gt;-----]  80%
 105/113 [==========================&gt;-]  92%
 112/113 [===========================&gt;]  99%
 113/113 [============================] 100%
Package jenssegers/mongodb is abandoned, you should avoid using it. Use mongodb/laravel-mongodb instead.
Generating optimized autoload files
&gt; Illuminate\Foundation\ComposerScripts::postAutoloadDump
&gt; @php artisan package:discover --ansi
Script @php artisan package:discover --ansi handling the post-autoload-dump event returned with error code 255
/bin/bash -c &quot;oryx build /tmp/zipdeploy/extracted -o /home/site/wwwroot --platform php --platform-version 8.2 -p virtualenv_name= --log-file /tmp/build-debug.log  -i /tmp/8de3a49d0ce886f | tee /tmp/oryx-build.log ; exit $PIPESTATUS &quot;" stackTrace="   at Kudu.Core.Infrastructure.Executable.ExecuteInternal(ITracer tracer, Func`2 onWriteOutput, Func`2 onWriteError, CancellationToken token, Encoding encoding, String arguments, Object[] args) in /tmp/KuduLite/Kudu.Core/Infrastructure/Executable.cs:line 239
   at Kudu.Core.Infrastructure.Executable.ExecuteWithProgressWriter(ILogger logger, ITracer tracer, CancellationToken token, String arguments, Object[] args) in /tmp/KuduLite/Kudu.Core/Infrastructure/Executable.cs:line 118
   at Kudu.Core.Deployment.Generator.ExternalCommandBuilder.RunCommand(DeploymentContext context, String command, Boolean ignoreManifest, CancellationToken token, String message) in /tmp/KuduLite/Kudu.Core/Deployment/Generator/ExternalCommandBuilder.cs:line 122
   at Kudu.Core.Deployment.Generator.OryxBuilder.RunBuildCommand(IOryxArguments args, DeploymentContext context, CancellationToken token) in /tmp/KuduLite/Kudu.Core/Deployment/Generator/OryxBuilder.cs:line 295
   at Kudu.Core.Deployment.Generator.OryxBuilder.Build(DeploymentContext context, CancellationToken token) in /tmp/KuduLite/Kudu.Core/Deployment/Generator/OryxBuilder.cs:line 136
   at Kudu.Core.Deployment.DeploymentManager.Build(ChangeSet changeSet, ITracer tracer, IDisposable deployStep, IRepository repository, DeploymentInfoBase deploymentInfo, DeploymentAnalytics deploymentAnalytics, Boolean fullBuildByDefault, CancellationToken cancellationToken) in /tmp/KuduLite/Kudu.Core/Deployment/DeploymentManager.cs:line 771
   at Kudu.Core.Deployment.DeploymentManager.Build(ChangeSet changeSet, ITracer tracer, IDisposable deployStep, IRepository repository, DeploymentInfoBase deploymentInfo, DeploymentAnalytics deploymentAnalytics, Boolean fullBuildByDefault, CancellationToken cancellationToken) in /tmp/KuduLite/Kudu.Core/Deployment/DeploymentManager.cs:line 840" /><!-- duration: 2ms -->
          <step title="Cleaning up temp files" date="2025-12-13T13:18:14.631" /><!-- duration: 4352ms -->
          <step title="Cleaning up temp files" date="2025-12-13T13:18:18.987" /><!-- duration: 512ms -->
          <step title="Error occurred" date="2025-12-13T13:18:19.554" type="error" text="Installing dependencies from lock file (including require-dev)
Verifying lock file contents can be installed on current platform.
Package operations: 113 installs, 0 updates, 0 removals
  - Downloading doctrine/inflector (2.1.0)
  - Downloading doctrine/lexer (3.0.1)
  - Downloading dragonmantank/cron-expression (v3.6.0)
  - Downloading symfony/deprecation-contracts (v3.6.0)
  - Downloading psr/container (2.0.2)
  - Downloading symfony/polyfill-mbstring (v1.33.0)
  - Downloading symfony/http-foundation (v7.4.1)
  - Downloading fruitcake/php-cors (v1.4.0)
  - Downloading psr/http-message (2.0)
  - Downloading psr/http-client (1.0.3)
  - Downloading ralouphie/getallheaders (3.0.3)
  - Downloading psr/http-factory (1.1.0)
  - Downloading guzzlehttp/psr7 (2.8.0)
  - Downloading guzzlehttp/promises (2.3.0)
  - Downloading guzzlehttp/guzzle (7.10.0)
  - Downloading symfony/polyfill-php80 (v1.33.0)
  - Downloading guzzlehttp/uri-template (v1.0.5)
  - Downloading symfony/polyfill-php85 (v1.33.0)
  - Downloading psr/log (3.0.2)
  - Downloading mongodb/mongodb (2.1.2)
  - Downloading voku/portable-ascii (2.0.3)
  - Downloading symfony/polyfill-ctype (v1.33.0)
  - Downloading phpoption/phpoption (1.9.4)
  - Downloading graham-campbell/result-type (v1.1.3)
  - Downloading vlucas/phpdotenv (v5.6.2)
  - Downloading symfony/css-selector (v7.4.0)
  - Downloading tijsverkoyen/css-to-inline-styles (v2.3.0)
  - Downloading symfony/var-dumper (v7.4.0)
  - Downloading symfony/polyfill-uuid (v1.33.0)
  - Downloading symfony/uid (v7.4.0)
  - Downloading symfony/routing (v7.4.0)
  - Downloading symfony/process (v7.4.0)
  - Downloading symfony/polyfill-php84 (v1.33.0)
  - Downloading symfony/polyfill-php83 (v1.33.0)
  - Downloading symfony/polyfill-intl-normalizer (v1.33.0)
  - Downloading symfony/polyfill-intl-idn (v1.33.0)
  - Downloading symfony/mime (v7.4.0)
  - Downloading symfony/service-contracts (v3.6.1)
  - Downloading psr/event-dispatcher (1.0.0)
  - Downloading symfony/event-dispatcher-contracts (v3.6.0)
  - Downloading symfony/event-dispatcher (v7.4.0)
  - Downloading egulias/email-validator (4.0.4)
  - Downloading symfony/mailer (v7.4.0)
  - Downloading symfony/error-handler (v7.4.0)
  - Downloading symfony/http-kernel (v7.4.2)
  - Downloading symfony/finder (v7.4.0)
  - Downloading symfony/polyfill-intl-grapheme (v1.33.0)
  - Downloading symfony/string (v7.4.0)
  - Downloading symfony/console (v7.4.1)
  - Downloading ramsey/collection (2.1.1)
  - Downloading brick/math (0.14.1)
  - Downloading ramsey/uuid (4.9.1)
  - Downloading psr/simple-cache (3.0.0)
  - Downloading nunomaduro/termwind (v2.3.3)
  - Downloading symfony/translation-contracts (v3.6.1)
  - Downloading symfony/translation (v7.4.0)
  - Downloading psr/clock (1.0.0)
  - Downloading symfony/clock (v7.4.0)
  - Downloading carbonphp/carbon-doctrine-types (3.2.0)
  - Downloading nesbot/carbon (3.11.0)
  - Downloading monolog/monolog (3.9.0)
  - Downloading league/uri-interfaces (7.7.0)
  - Downloading league/uri (7.7.0)
  - Downloading league/mime-type-detection (1.16.0)
  - Downloading league/flysystem-local (3.30.2)
  - Downloading league/flysystem (3.30.2)
  - Downloading nette/utils (v4.1.0)
  - Downloading nette/schema (v1.3.3)
  - Downloading dflydev/dot-access-data (v3.0.3)
  - Downloading league/config (v1.2.0)
  - Downloading league/commonmark (2.8.0)
  - Downloading laravel/serializable-closure (v2.0.7)
  - Downloading laravel/prompts (v0.3.8)
  - Downloading laravel/framework (v12.42.0)
  - Downloading jenssegers/mongodb (5.5.0)
  - Downloading nikic/php-parser (v5.7.0)
  - Downloading psy/psysh (v0.12.16)
  - Downloading laravel/tinker (v2.10.2)
  0/78 [&gt;---------------------------]   0%
  3/78 [=&gt;--------------------------]   3%
  8/78 [==&gt;-------------------------]  10%
 18/78 [======&gt;---------------------]  23%
 24/78 [========&gt;-------------------]  30%
 33/78 [===========&gt;----------------]  42%
 39/78 [==============&gt;-------------]  50%
 51/78 [==================&gt;---------]  65%
 55/78 [===================&gt;--------]  70%
 65/78 [=======================&gt;----]  83%
 71/78 [=========================&gt;--]  91%
 78/78 [============================] 100%
  - Installing doctrine/inflector (2.1.0): Extracting archive
  - Installing doctrine/lexer (3.0.1): Extracting archive
  - Installing dragonmantank/cron-expression (v3.6.0): Extracting archive
  - Installing symfony/deprecation-contracts (v3.6.0): Extracting archive
  - Installing psr/container (2.0.2): Extracting archive
  - Installing fakerphp/faker (v1.24.1): Extracting archive
  - Installing symfony/polyfill-mbstring (v1.33.0): Extracting archive
  - Installing symfony/http-foundation (v7.4.1): Extracting archive
  - Installing fruitcake/php-cors (v1.4.0): Extracting archive
  - Installing psr/http-message (2.0): Extracting archive
  - Installing psr/http-client (1.0.3): Extracting archive
  - Installing ralouphie/getallheaders (3.0.3): Extracting archive
  - Installing psr/http-factory (1.1.0): Extracting archive
  - Installing guzzlehttp/psr7 (2.8.0): Extracting archive
  - Installing guzzlehttp/promises (2.3.0): Extracting archive
  - Installing guzzlehttp/guzzle (7.10.0): Extracting archive
  - Installing symfony/polyfill-php80 (v1.33.0): Extracting archive
  - Installing guzzlehttp/uri-template (v1.0.5): Extracting archive
  - Installing symfony/polyfill-php85 (v1.33.0): Extracting archive
  - Installing psr/log (3.0.2): Extracting archive
  - Installing mongodb/mongodb (2.1.2): Extracting archive
  - Installing voku/portable-ascii (2.0.3): Extracting archive
  - Installing symfony/polyfill-ctype (v1.33.0): Extracting archive
  - Installing phpoption/phpoption (1.9.4): Extracting archive
  - Installing graham-campbell/result-type (v1.1.3): Extracting archive
  - Installing vlucas/phpdotenv (v5.6.2): Extracting archive
  - Installing symfony/css-selector (v7.4.0): Extracting archive
  - Installing tijsverkoyen/css-to-inline-styles (v2.3.0): Extracting archive
  - Installing symfony/var-dumper (v7.4.0): Extracting archive
  - Installing symfony/polyfill-uuid (v1.33.0): Extracting archive
  - Installing symfony/uid (v7.4.0): Extracting archive
  - Installing symfony/routing (v7.4.0): Extracting archive
  - Installing symfony/process (v7.4.0): Extracting archive
  - Installing symfony/polyfill-php84 (v1.33.0): Extracting archive
  - Installing symfony/polyfill-php83 (v1.33.0): Extracting archive
  - Installing symfony/polyfill-intl-normalizer (v1.33.0): Extracting archive
  - Installing symfony/polyfill-intl-idn (v1.33.0): Extracting archive
  - Installing symfony/mime (v7.4.0): Extracting archive
  - Installing symfony/service-contracts (v3.6.1): Extracting archive
  - Installing psr/event-dispatcher (1.0.0): Extracting archive
  - Installing symfony/event-dispatcher-contracts (v3.6.0): Extracting archive
  - Installing symfony/event-dispatcher (v7.4.0): Extracting archive
  - Installing egulias/email-validator (4.0.4): Extracting archive
  - Installing symfony/mailer (v7.4.0): Extracting archive
  - Installing symfony/error-handler (v7.4.0): Extracting archive
  - Installing symfony/http-kernel (v7.4.2): Extracting archive
  - Installing symfony/finder (v7.4.0): Extracting archive
  - Installing symfony/polyfill-intl-grapheme (v1.33.0): Extracting archive
  - Installing symfony/string (v7.4.0): Extracting archive
  - Installing symfony/console (v7.4.1): Extracting archive
  - Installing ramsey/collection (2.1.1): Extracting archive
  - Installing brick/math (0.14.1): Extracting archive
  - Installing ramsey/uuid (4.9.1): Extracting archive
  - Installing psr/simple-cache (3.0.0): Extracting archive
  - Installing nunomaduro/termwind (v2.3.3): Extracting archive
  - Installing symfony/translation-contracts (v3.6.1): Extracting archive
  - Installing symfony/translation (v7.4.0): Extracting archive
  - Installing psr/clock (1.0.0): Extracting archive
  - Installing symfony/clock (v7.4.0): Extracting archive
  - Installing carbonphp/carbon-doctrine-types (3.2.0): Extracting archive
  - Installing nesbot/carbon (3.11.0): Extracting archive
  - Installing monolog/monolog (3.9.0): Extracting archive
  - Installing league/uri-interfaces (7.7.0): Extracting archive
  - Installing league/uri (7.7.0): Extracting archive
  - Installing league/mime-type-detection (1.16.0): Extracting archive
  - Installing league/flysystem-local (3.30.2): Extracting archive
  - Installing league/flysystem (3.30.2): Extracting archive
  - Installing nette/utils (v4.1.0): Extracting archive
  - Installing nette/schema (v1.3.3): Extracting archive
  - Installing dflydev/dot-access-data (v3.0.3): Extracting archive
  - Installing league/config (v1.2.0): Extracting archive
  - Installing league/commonmark (2.8.0): Extracting archive
  - Installing laravel/serializable-closure (v2.0.7): Extracting archive
  - Installing laravel/prompts (v0.3.8): Extracting archive
  - Installing laravel/framework (v12.42.0): Extracting archive
  - Installing jenssegers/mongodb (5.5.0): Extracting archive
  - Installing laravel/pail (v1.2.4): Extracting archive
  - Installing laravel/pint (v1.26.0): Extracting archive
  - Installing symfony/yaml (v7.4.1): Extracting archive
  - Installing laravel/sail (v1.51.0): Extracting archive
  - Installing nikic/php-parser (v5.7.0): Extracting archive
  - Installing psy/psysh (v0.12.16): Extracting archive
  - Installing laravel/tinker (v2.10.2): Extracting archive
  - Installing hamcrest/hamcrest-php (v2.1.1): Extracting archive
  - Installing mockery/mockery (1.6.12): Extracting archive
  - Installing filp/whoops (2.18.4): Extracting archive
  - Installing nunomaduro/collision (v8.8.3): Extracting archive
  - Installing staabm/side-effects-detector (1.0.5): Extracting archive
  - Installing sebastian/version (5.0.2): Extracting archive
  - Installing sebastian/type (5.1.3): Extracting archive
  - Installing sebastian/recursion-context (6.0.3): Extracting archive
  - Installing sebastian/object-reflector (4.0.1): Extracting archive
  - Installing sebastian/object-enumerator (6.0.1): Extracting archive
  - Installing sebastian/global-state (7.0.2): Extracting archive
  - Installing sebastian/exporter (6.3.2): Extracting archive
  - Installing sebastian/environment (7.2.1): Extracting archive
  - Installing sebastian/diff (6.0.2): Extracting archive
  - Installing sebastian/comparator (6.3.2): Extracting archive
  - Installing sebastian/code-unit (3.0.3): Extracting archive
  - Installing sebastian/cli-parser (3.0.2): Extracting archive
  - Installing phpunit/php-timer (7.0.1): Extracting archive
  - Installing phpunit/php-text-template (4.0.1): Extracting archive
  - Installing phpunit/php-invoker (5.0.1): Extracting archive
  - Installing phpunit/php-file-iterator (5.1.0): Extracting archive
  - Installing theseer/tokenizer (1.3.1): Extracting archive
  - Installing sebastian/lines-of-code (3.0.1): Extracting archive
  - Installing sebastian/complexity (4.0.1): Extracting archive
  - Installing sebastian/code-unit-reverse-lookup (4.0.1): Extracting archive
  - Installing phpunit/php-code-coverage (11.0.11): Extracting archive
  - Installing phar-io/version (3.2.1): Extracting archive
  - Installing phar-io/manifest (2.0.4): Extracting archive
  - Installing myclabs/deep-copy (1.13.4): Extracting archive
  - Installing phpunit/phpunit (11.5.46): Extracting archive
   0/113 [&gt;---------------------------]   0%
   9/113 [==&gt;-------------------------]   7%
  18/113 [====&gt;-----------------------]  15%
  25/113 [======&gt;---------------------]  22%
  35/113 [========&gt;-------------------]  30%
  45/113 [===========&gt;----------------]  39%
  48/113 [===========&gt;----------------]  42%
  59/113 [==============&gt;-------------]  52%
  68/113 [================&gt;-----------]  60%
  74/113 [==================&gt;---------]  65%
  79/113 [===================&gt;--------]  69%
  81/113 [====================&gt;-------]  71%
  91/113 [======================&gt;-----]  80%
 105/113 [==========================&gt;-]  92%
 112/113 [===========================&gt;]  99%
 113/113 [============================] 100%
Package jenssegers/mongodb is abandoned, you should avoid using it. Use mongodb/laravel-mongodb instead.
Generating optimized autoload files
&gt; Illuminate\Foundation\ComposerScripts::postAutoloadDump
&gt; @php artisan package:discover --ansi
Script @php artisan package:discover --ansi handling the post-autoload-dump event returned with error code 255
/bin/bash -c &quot;oryx build /tmp/zipdeploy/extracted -o /home/site/wwwroot --platform php --platform-version 8.2 -p virtualenv_name= --log-file /tmp/build-debug.log  -i /tmp/8de3a49d0ce886f | tee /tmp/oryx-build.log ; exit $PIPESTATUS &quot;" stackTrace="   at Kudu.Core.Infrastructure.Executable.ExecuteInternal(ITracer tracer, Func`2 onWriteOutput, Func`2 onWriteError, CancellationToken token, Encoding encoding, String arguments, Object[] args) in /tmp/KuduLite/Kudu.Core/Infrastructure/Executable.cs:line 239
   at Kudu.Core.Infrastructure.Executable.ExecuteWithProgressWriter(ILogger logger, ITracer tracer, CancellationToken token, String arguments, Object[] args) in /tmp/KuduLite/Kudu.Core/Infrastructure/Executable.cs:line 118
   at Kudu.Core.Deployment.Generator.ExternalCommandBuilder.RunCommand(DeploymentContext context, String command, Boolean ignoreManifest, CancellationToken token, String message) in /tmp/KuduLite/Kudu.Core/Deployment/Generator/ExternalCommandBuilder.cs:line 122
   at Kudu.Core.Deployment.Generator.OryxBuilder.RunBuildCommand(IOryxArguments args, DeploymentContext context, CancellationToken token) in /tmp/KuduLite/Kudu.Core/Deployment/Generator/OryxBuilder.cs:line 295
   at Kudu.Core.Deployment.Generator.OryxBuilder.Build(DeploymentContext context, CancellationToken token) in /tmp/KuduLite/Kudu.Core/Deployment/Generator/OryxBuilder.cs:line 136
   at Kudu.Core.Deployment.DeploymentManager.Build(ChangeSet changeSet, ITracer tracer, IDisposable deployStep, IRepository repository, DeploymentInfoBase deploymentInfo, DeploymentAnalytics deploymentAnalytics, Boolean fullBuildByDefault, CancellationToken cancellationToken) in /tmp/KuduLite/Kudu.Core/Deployment/DeploymentManager.cs:line 771
   at Kudu.Core.Deployment.DeploymentManager.Build(ChangeSet changeSet, ITracer tracer, IDisposable deployStep, IRepository repository, DeploymentInfoBase deploymentInfo, DeploymentAnalytics deploymentAnalytics, Boolean fullBuildByDefault, CancellationToken cancellationToken) in /tmp/KuduLite/Kudu.Core/Deployment/DeploymentManager.cs:line 840
   at Kudu.Core.Deployment.DeploymentManager.DeployAsync(IRepository repository, ChangeSet changeSet, String deployer, Boolean clean, DeploymentInfoBase deploymentInfo, Boolean needFileUpdate, Boolean fullBuildByDefault) in /tmp/KuduLite/Kudu.Core/Deployment/DeploymentManager.cs:line 266" /><!-- duration: 22ms -->
        </step><!-- duration: 114954ms -->
        <step title="Reloading status file with latest updates" date="2025-12-13T13:18:19.645" >
          <step title="WebHooksManager.PublishEventAsync: PostDeployment" date="2025-12-13T13:18:19.655" /><!-- duration: 50ms -->
        </step><!-- duration: 79ms -->
        <step title="Error occurred" date="2025-12-13T13:18:19.734" type="error" text="Installing dependencies from lock file (including require-dev)
Verifying lock file contents can be installed on current platform.
Package operations: 113 installs, 0 updates, 0 removals
  - Downloading doctrine/inflector (2.1.0)
  - Downloading doctrine/lexer (3.0.1)
  - Downloading dragonmantank/cron-expression (v3.6.0)
  - Downloading symfony/deprecation-contracts (v3.6.0)
  - Downloading psr/container (2.0.2)
  - Downloading symfony/polyfill-mbstring (v1.33.0)
  - Downloading symfony/http-foundation (v7.4.1)
  - Downloading fruitcake/php-cors (v1.4.0)
  - Downloading psr/http-message (2.0)
  - Downloading psr/http-client (1.0.3)
  - Downloading ralouphie/getallheaders (3.0.3)
  - Downloading psr/http-factory (1.1.0)
  - Downloading guzzlehttp/psr7 (2.8.0)
  - Downloading guzzlehttp/promises (2.3.0)
  - Downloading guzzlehttp/guzzle (7.10.0)
  - Downloading symfony/polyfill-php80 (v1.33.0)
  - Downloading guzzlehttp/uri-template (v1.0.5)
  - Downloading symfony/polyfill-php85 (v1.33.0)
  - Downloading psr/log (3.0.2)
  - Downloading mongodb/mongodb (2.1.2)
  - Downloading voku/portable-ascii (2.0.3)
  - Downloading symfony/polyfill-ctype (v1.33.0)
  - Downloading phpoption/phpoption (1.9.4)
  - Downloading graham-campbell/result-type (v1.1.3)
  - Downloading vlucas/phpdotenv (v5.6.2)
  - Downloading symfony/css-selector (v7.4.0)
  - Downloading tijsverkoyen/css-to-inline-styles (v2.3.0)
  - Downloading symfony/var-dumper (v7.4.0)
  - Downloading symfony/polyfill-uuid (v1.33.0)
  - Downloading symfony/uid (v7.4.0)
  - Downloading symfony/routing (v7.4.0)
  - Downloading symfony/process (v7.4.0)
  - Downloading symfony/polyfill-php84 (v1.33.0)
  - Downloading symfony/polyfill-php83 (v1.33.0)
  - Downloading symfony/polyfill-intl-normalizer (v1.33.0)
  - Downloading symfony/polyfill-intl-idn (v1.33.0)
  - Downloading symfony/mime (v7.4.0)
  - Downloading symfony/service-contracts (v3.6.1)
  - Downloading psr/event-dispatcher (1.0.0)
  - Downloading symfony/event-dispatcher-contracts (v3.6.0)
  - Downloading symfony/event-dispatcher (v7.4.0)
  - Downloading egulias/email-validator (4.0.4)
  - Downloading symfony/mailer (v7.4.0)
  - Downloading symfony/error-handler (v7.4.0)
  - Downloading symfony/http-kernel (v7.4.2)
  - Downloading symfony/finder (v7.4.0)
  - Downloading symfony/polyfill-intl-grapheme (v1.33.0)
  - Downloading symfony/string (v7.4.0)
  - Downloading symfony/console (v7.4.1)
  - Downloading ramsey/collection (2.1.1)
  - Downloading brick/math (0.14.1)
  - Downloading ramsey/uuid (4.9.1)
  - Downloading psr/simple-cache (3.0.0)
  - Downloading nunomaduro/termwind (v2.3.3)
  - Downloading symfony/translation-contracts (v3.6.1)
  - Downloading symfony/translation (v7.4.0)
  - Downloading psr/clock (1.0.0)
  - Downloading symfony/clock (v7.4.0)
  - Downloading carbonphp/carbon-doctrine-types (3.2.0)
  - Downloading nesbot/carbon (3.11.0)
  - Downloading monolog/monolog (3.9.0)
  - Downloading league/uri-interfaces (7.7.0)
  - Downloading league/uri (7.7.0)
  - Downloading league/mime-type-detection (1.16.0)
  - Downloading league/flysystem-local (3.30.2)
  - Downloading league/flysystem (3.30.2)
  - Downloading nette/utils (v4.1.0)
  - Downloading nette/schema (v1.3.3)
  - Downloading dflydev/dot-access-data (v3.0.3)
  - Downloading league/config (v1.2.0)
  - Downloading league/commonmark (2.8.0)
  - Downloading laravel/serializable-closure (v2.0.7)
  - Downloading laravel/prompts (v0.3.8)
  - Downloading laravel/framework (v12.42.0)
  - Downloading jenssegers/mongodb (5.5.0)
  - Downloading nikic/php-parser (v5.7.0)
  - Downloading psy/psysh (v0.12.16)
  - Downloading laravel/tinker (v2.10.2)
  0/78 [&gt;---------------------------]   0%
  3/78 [=&gt;--------------------------]   3%
  8/78 [==&gt;-------------------------]  10%
 18/78 [======&gt;---------------------]  23%
 24/78 [========&gt;-------------------]  30%
 33/78 [===========&gt;----------------]  42%
 39/78 [==============&gt;-------------]  50%
 51/78 [==================&gt;---------]  65%
 55/78 [===================&gt;--------]  70%
 65/78 [=======================&gt;----]  83%
 71/78 [=========================&gt;--]  91%
 78/78 [============================] 100%
  - Installing doctrine/inflector (2.1.0): Extracting archive
  - Installing doctrine/lexer (3.0.1): Extracting archive
  - Installing dragonmantank/cron-expression (v3.6.0): Extracting archive
  - Installing symfony/deprecation-contracts (v3.6.0): Extracting archive
  - Installing psr/container (2.0.2): Extracting archive
  - Installing fakerphp/faker (v1.24.1): Extracting archive
  - Installing symfony/polyfill-mbstring (v1.33.0): Extracting archive
  - Installing symfony/http-foundation (v7.4.1): Extracting archive
  - Installing fruitcake/php-cors (v1.4.0): Extracting archive
  - Installing psr/http-message (2.0): Extracting archive
  - Installing psr/http-client (1.0.3): Extracting archive
  - Installing ralouphie/getallheaders (3.0.3): Extracting archive
  - Installing psr/http-factory (1.1.0): Extracting archive
  - Installing guzzlehttp/psr7 (2.8.0): Extracting archive
  - Installing guzzlehttp/promises (2.3.0): Extracting archive
  - Installing guzzlehttp/guzzle (7.10.0): Extracting archive
  - Installing symfony/polyfill-php80 (v1.33.0): Extracting archive
  - Installing guzzlehttp/uri-template (v1.0.5): Extracting archive
  - Installing symfony/polyfill-php85 (v1.33.0): Extracting archive
  - Installing psr/log (3.0.2): Extracting archive
  - Installing mongodb/mongodb (2.1.2): Extracting archive
  - Installing voku/portable-ascii (2.0.3): Extracting archive
  - Installing symfony/polyfill-ctype (v1.33.0): Extracting archive
  - Installing phpoption/phpoption (1.9.4): Extracting archive
  - Installing graham-campbell/result-type (v1.1.3): Extracting archive
  - Installing vlucas/phpdotenv (v5.6.2): Extracting archive
  - Installing symfony/css-selector (v7.4.0): Extracting archive
  - Installing tijsverkoyen/css-to-inline-styles (v2.3.0): Extracting archive
  - Installing symfony/var-dumper (v7.4.0): Extracting archive
  - Installing symfony/polyfill-uuid (v1.33.0): Extracting archive
  - Installing symfony/uid (v7.4.0): Extracting archive
  - Installing symfony/routing (v7.4.0): Extracting archive
  - Installing symfony/process (v7.4.0): Extracting archive
  - Installing symfony/polyfill-php84 (v1.33.0): Extracting archive
  - Installing symfony/polyfill-php83 (v1.33.0): Extracting archive
  - Installing symfony/polyfill-intl-normalizer (v1.33.0): Extracting archive
  - Installing symfony/polyfill-intl-idn (v1.33.0): Extracting archive
  - Installing symfony/mime (v7.4.0): Extracting archive
  - Installing symfony/service-contracts (v3.6.1): Extracting archive
  - Installing psr/event-dispatcher (1.0.0): Extracting archive
  - Installing symfony/event-dispatcher-contracts (v3.6.0): Extracting archive
  - Installing symfony/event-dispatcher (v7.4.0): Extracting archive
  - Installing egulias/email-validator (4.0.4): Extracting archive
  - Installing symfony/mailer (v7.4.0): Extracting archive
  - Installing symfony/error-handler (v7.4.0): Extracting archive
  - Installing symfony/http-kernel (v7.4.2): Extracting archive
  - Installing symfony/finder (v7.4.0): Extracting archive
  - Installing symfony/polyfill-intl-grapheme (v1.33.0): Extracting archive
  - Installing symfony/string (v7.4.0): Extracting archive
  - Installing symfony/console (v7.4.1): Extracting archive
  - Installing ramsey/collection (2.1.1): Extracting archive
  - Installing brick/math (0.14.1): Extracting archive
  - Installing ramsey/uuid (4.9.1): Extracting archive
  - Installing psr/simple-cache (3.0.0): Extracting archive
  - Installing nunomaduro/termwind (v2.3.3): Extracting archive
  - Installing symfony/translation-contracts (v3.6.1): Extracting archive
  - Installing symfony/translation (v7.4.0): Extracting archive
  - Installing psr/clock (1.0.0): Extracting archive
  - Installing symfony/clock (v7.4.0): Extracting archive
  - Installing carbonphp/carbon-doctrine-types (3.2.0): Extracting archive
  - Installing nesbot/carbon (3.11.0): Extracting archive
  - Installing monolog/monolog (3.9.0): Extracting archive
  - Installing league/uri-interfaces (7.7.0): Extracting archive
  - Installing league/uri (7.7.0): Extracting archive
  - Installing league/mime-type-detection (1.16.0): Extracting archive
  - Installing league/flysystem-local (3.30.2): Extracting archive
  - Installing league/flysystem (3.30.2): Extracting archive
  - Installing nette/utils (v4.1.0): Extracting archive
  - Installing nette/schema (v1.3.3): Extracting archive
  - Installing dflydev/dot-access-data (v3.0.3): Extracting archive
  - Installing league/config (v1.2.0): Extracting archive
  - Installing league/commonmark (2.8.0): Extracting archive
  - Installing laravel/serializable-closure (v2.0.7): Extracting archive
  - Installing laravel/prompts (v0.3.8): Extracting archive
  - Installing laravel/framework (v12.42.0): Extracting archive
  - Installing jenssegers/mongodb (5.5.0): Extracting archive
  - Installing laravel/pail (v1.2.4): Extracting archive
  - Installing laravel/pint (v1.26.0): Extracting archive
  - Installing symfony/yaml (v7.4.1): Extracting archive
  - Installing laravel/sail (v1.51.0): Extracting archive
  - Installing nikic/php-parser (v5.7.0): Extracting archive
  - Installing psy/psysh (v0.12.16): Extracting archive
  - Installing laravel/tinker (v2.10.2): Extracting archive
  - Installing hamcrest/hamcrest-php (v2.1.1): Extracting archive
  - Installing mockery/mockery (1.6.12): Extracting archive
  - Installing filp/whoops (2.18.4): Extracting archive
  - Installing nunomaduro/collision (v8.8.3): Extracting archive
  - Installing staabm/side-effects-detector (1.0.5): Extracting archive
  - Installing sebastian/version (5.0.2): Extracting archive
  - Installing sebastian/type (5.1.3): Extracting archive
  - Installing sebastian/recursion-context (6.0.3): Extracting archive
  - Installing sebastian/object-reflector (4.0.1): Extracting archive
  - Installing sebastian/object-enumerator (6.0.1): Extracting archive
  - Installing sebastian/global-state (7.0.2): Extracting archive
  - Installing sebastian/exporter (6.3.2): Extracting archive
  - Installing sebastian/environment (7.2.1): Extracting archive
  - Installing sebastian/diff (6.0.2): Extracting archive
  - Installing sebastian/comparator (6.3.2): Extracting archive
  - Installing sebastian/code-unit (3.0.3): Extracting archive
  - Installing sebastian/cli-parser (3.0.2): Extracting archive
  - Installing phpunit/php-timer (7.0.1): Extracting archive
  - Installing phpunit/php-text-template (4.0.1): Extracting archive
  - Installing phpunit/php-invoker (5.0.1): Extracting archive
  - Installing phpunit/php-file-iterator (5.1.0): Extracting archive
  - Installing theseer/tokenizer (1.3.1): Extracting archive
  - Installing sebastian/lines-of-code (3.0.1): Extracting archive
  - Installing sebastian/complexity (4.0.1): Extracting archive
  - Installing sebastian/code-unit-reverse-lookup (4.0.1): Extracting archive
  - Installing phpunit/php-code-coverage (11.0.11): Extracting archive
  - Installing phar-io/version (3.2.1): Extracting archive
  - Installing phar-io/manifest (2.0.4): Extracting archive
  - Installing myclabs/deep-copy (1.13.4): Extracting archive
  - Installing phpunit/phpunit (11.5.46): Extracting archive
   0/113 [&gt;---------------------------]   0%
   9/113 [==&gt;-------------------------]   7%
  18/113 [====&gt;-----------------------]  15%
  25/113 [======&gt;---------------------]  22%
  35/113 [========&gt;-------------------]  30%
  45/113 [===========&gt;----------------]  39%
  48/113 [===========&gt;----------------]  42%
  59/113 [==============&gt;-------------]  52%
  68/113 [================&gt;-----------]  60%
  74/113 [==================&gt;---------]  65%
  79/113 [===================&gt;--------]  69%
  81/113 [====================&gt;-------]  71%
  91/113 [======================&gt;-----]  80%
 105/113 [==========================&gt;-]  92%
 112/113 [===========================&gt;]  99%
 113/113 [============================] 100%
Package jenssegers/mongodb is abandoned, you should avoid using it. Use mongodb/laravel-mongodb instead.
Generating optimized autoload files
&gt; Illuminate\Foundation\ComposerScripts::postAutoloadDump
&gt; @php artisan package:discover --ansi
Script @php artisan package:discover --ansi handling the post-autoload-dump event returned with error code 255
/bin/bash -c &quot;oryx build /tmp/zipdeploy/extracted -o /home/site/wwwroot --platform php --platform-version 8.2 -p virtualenv_name= --log-file /tmp/build-debug.log  -i /tmp/8de3a49d0ce886f | tee /tmp/oryx-build.log ; exit $PIPESTATUS &quot;" stackTrace="   at Kudu.Core.Infrastructure.Executable.ExecuteInternal(ITracer tracer, Func`2 onWriteOutput, Func`2 onWriteError, CancellationToken token, Encoding encoding, String arguments, Object[] args) in /tmp/KuduLite/Kudu.Core/Infrastructure/Executable.cs:line 239
   at Kudu.Core.Infrastructure.Executable.ExecuteWithProgressWriter(ILogger logger, ITracer tracer, CancellationToken token, String arguments, Object[] args) in /tmp/KuduLite/Kudu.Core/Infrastructure/Executable.cs:line 118
   at Kudu.Core.Deployment.Generator.ExternalCommandBuilder.RunCommand(DeploymentContext context, String command, Boolean ignoreManifest, CancellationToken token, String message) in /tmp/KuduLite/Kudu.Core/Deployment/Generator/ExternalCommandBuilder.cs:line 122
   at Kudu.Core.Deployment.Generator.OryxBuilder.RunBuildCommand(IOryxArguments args, DeploymentContext context, CancellationToken token) in /tmp/KuduLite/Kudu.Core/Deployment/Generator/OryxBuilder.cs:line 295
   at Kudu.Core.Deployment.Generator.OryxBuilder.Build(DeploymentContext context, CancellationToken token) in /tmp/KuduLite/Kudu.Core/Deployment/Generator/OryxBuilder.cs:line 136
   at Kudu.Core.Deployment.DeploymentManager.Build(ChangeSet changeSet, ITracer tracer, IDisposable deployStep, IRepository repository, DeploymentInfoBase deploymentInfo, DeploymentAnalytics deploymentAnalytics, Boolean fullBuildByDefault, CancellationToken cancellationToken) in /tmp/KuduLite/Kudu.Core/Deployment/DeploymentManager.cs:line 771
   at Kudu.Core.Deployment.DeploymentManager.Build(ChangeSet changeSet, ITracer tracer, IDisposable deployStep, IRepository repository, DeploymentInfoBase deploymentInfo, DeploymentAnalytics deploymentAnalytics, Boolean fullBuildByDefault, CancellationToken cancellationToken) in /tmp/KuduLite/Kudu.Core/Deployment/DeploymentManager.cs:line 840
   at Kudu.Core.Deployment.DeploymentManager.DeployAsync(IRepository repository, ChangeSet changeSet, String deployer, Boolean clean, DeploymentInfoBase deploymentInfo, Boolean needFileUpdate, Boolean fullBuildByDefault) in /tmp/KuduLite/Kudu.Core/Deployment/DeploymentManager.cs:line 266" /><!-- duration: 40ms -->
        <step title="Marking deployment as failed and cleaning up the temp deployment" date="2025-12-13T13:18:19.965" /><!-- duration: 2ms -->
      </step><!-- duration: 118201ms -->
      <step title="Error occurred" date="2025-12-13T13:18:20.256" type="error" text="One or more errors occurred. (Deployment failed)" stackTrace="   at System.Threading.Tasks.Task.ThrowIfExceptional(Boolean includeTaskCanceledExceptions)
   at System.Threading.Tasks.Task.Wait(Int32 millisecondsTimeout, CancellationToken cancellationToken)
   at System.Threading.Tasks.Task.Wait()
   at Kudu.Core.Deployment.FetchDeploymentManager.&lt;&gt;c__DisplayClass22_1.&lt;PerformBackgroundDeployment&gt;b__3() in /tmp/KuduLite/Kudu.Core/Deployment/FetchDeploymentManager.cs:line 414
   at Kudu.Contracts.Infrastructure.LockExtensions.TryLockOperation(IOperationLock lockObj, Action operation, String operationName, TimeSpan timeout) in /tmp/KuduLite/Kudu.Contracts/Infrastructure/LockExtensions.cs:line 34
   at Kudu.Contracts.Infrastructure.LockExtensions.LockOperation(IOperationLock lockObj, Action operation, String operationName, TimeSpan timeout) in /tmp/KuduLite/Kudu.Contracts/Infrastructure/LockExtensions.cs:line 46
   at Kudu.Core.Deployment.FetchDeploymentManager.&lt;&gt;c__DisplayClass22_0.&lt;PerformBackgroundDeployment&gt;b__1() in /tmp/KuduLite/Kudu.Core/Deployment/FetchDeploymentManager.cs:line 393" innerText="Deployment failed" innerStackTrace="   at Kudu.Core.Deployment.DeploymentManager.DeployAsync(IRepository repository, ChangeSet changeSet, String deployer, Boolean clean, DeploymentInfoBase deploymentInfo, Boolean needFileUpdate, Boolean fullBuildByDefault) in /tmp/KuduLite/Kudu.Core/Deployment/DeploymentManager.cs:line 307
   at Kudu.Core.Deployment.FetchDeploymentManager.PerformDeployment(DeploymentInfoBase deploymentInfo, IDisposable tempDeployment, ChangeSet tempChangeSet, DeployStatusApiResult updateStatusObj) in /tmp/KuduLite/Kudu.Core/Deployment/FetchDeploymentManager.cs:line 230" /><!-- duration: 12ms -->
    </step><!-- duration: 118442ms -->
