<step title="Incoming Request" date="2025-12-13T13:34:19.250" instance="d8ce03" url="/deploy?scmType=ExternalGit&amp;isAsync=true" method="POST" type="request" pid="770,1,7" Host="cinewave.scm.azurewebsites.net" User-Agent="Azure-WebSites-Controller/106.0.7.121" Authorization="Bas..." Expect="100-continue" Content-Length="81" x-ms-request-id="bb63910d-6081-47b1-ba5e-1a012c87f07c" X-ARR-LOG-ID="bb63910d-6081-47b1-ba5e-1a012c87f07c" CLIENT-IP="70.153.161.0:24450" X-SITE-DEPLOYMENT-ID="CineWave" WAS-DEFAULT-HOSTNAME="cinewave.scm.azurewebsites.net" X-MS-PLATFORM-INTERNAL="True" X-Forwarded-Proto="https" X-AppService-Proto="https" X-Forwarded-TlsVersion="1.3" X-WAWS-Unencoded-URL="/deploy?scmType=ExternalGit&amp;isAsync=true" X-Client-IP="70.153.161.0" X-Client-Port="24450" >
  <step title="FetchHandler" date="2025-12-13T13:34:19.364" >
    <step title="GitExeRepository.Initialize" date="2025-12-13T13:34:19.434" >
      <step title="Executing external process" date="2025-12-13T13:34:19.441" type="process" path="git" arguments="init" /><!-- duration: 152ms -->
      <step title="Executing external process" date="2025-12-13T13:34:19.596" type="process" path="git" arguments="config core.autocrlf false" /><!-- duration: 26ms -->
      <step title="Executing external process" date="2025-12-13T13:34:19.624" type="process" path="git" arguments="config core.preloadindex true" /><!-- duration: 18ms -->
      <step title="Executing external process" date="2025-12-13T13:34:19.645" type="process" path="git" arguments="config user.name &quot;unknown&quot;" /><!-- duration: 20ms -->
      <step title="Executing external process" date="2025-12-13T13:34:19.667" type="process" path="git" arguments="config user.email &quot;unknown&quot;" /><!-- duration: 19ms -->
      <step title="Executing external process" date="2025-12-13T13:34:19.688" type="process" path="git" arguments="config filter.lfs.clean &quot;git-lfs clean %f&quot;" /><!-- duration: 18ms -->
      <step title="Executing external process" date="2025-12-13T13:34:19.707" type="process" path="git" arguments="config filter.lfs.smudge &quot;git-lfs smudge %f&quot;" /><!-- duration: 15ms -->
      <step title="Executing external process" date="2025-12-13T13:34:19.726" type="process" path="git" arguments="config filter.lfs.required true" /><!-- duration: 13ms -->
      <step title="Configure git server" date="2025-12-13T13:34:19.744" >
        <step title="Executing external process" date="2025-12-13T13:34:19.746" type="process" path="git" arguments="config receive.denyCurrentBranch ignore" /><!-- duration: 19ms -->
      </step><!-- duration: 23ms -->
      <step title="Create deny users for .git folder" date="2025-12-13T13:34:19.768" /><!-- duration: 20ms -->
      <step title="Configure git-credential" date="2025-12-13T13:34:19.790" >
        <step title="Executing external process" date="2025-12-13T13:34:19.805" type="process" path="git" arguments="config credential.helper &quot;!&apos;/home/site/repository/.git/hooks/git-credential-invalid.sh&apos;&quot;" /><!-- duration: 23ms -->
      </step><!-- duration: 39ms -->
      <step title="Setup post receive hook" date="2025-12-13T13:34:19.831" >
        <step title="Non-Windows enviroment, granting 755 permission to post-receive hook file" date="2025-12-13T13:34:19.848" /><!-- duration: 19ms -->
      </step><!-- duration: 37ms -->
    </step><!-- duration: 435ms -->
    <step title="Executing external process" date="2025-12-13T13:34:19.871" type="process" path="git" arguments="log -n 1 master --" >
      <step title="Process dump" date="2025-12-13T13:34:19.889" exitCode="128" type="processOutput" /><!-- duration: 1ms -->
    </step><!-- duration: 21ms -->
    <step title="Start deployment in the background" date="2025-12-13T13:34:19.896" >
      <step title="Executing external process" date="2025-12-13T13:34:19.916" type="process" path="git" arguments="rev-parse --git-dir" /><!-- duration: 50ms -->
      <step title="Executing external process" date="2025-12-13T13:34:19.977" type="process" path="git" arguments="rev-parse --git-dir" /><!-- duration: 38ms -->
      <step title="Executing external process" date="2025-12-13T13:34:20.036" type="process" path="git" arguments="log -n 1 master --" >
        <step title="Process dump" date="2025-12-13T13:34:20.068" exitCode="128" type="processOutput" /><!-- duration: 8ms -->
      </step><!-- duration: 42ms -->
      <step title="Acquiring Deployment Lock" date="2025-12-13T13:34:20.096" /><!-- duration: 20ms -->
      <step title="Acquired Deployment Lock" date="2025-12-13T13:34:20.207" /><!-- duration: 10ms -->
    </step><!-- duration: 435ms -->
  </step><!-- duration: 969ms -->
  <step title="Outgoing response" date="2025-12-13T13:34:20.337" type="response" statusCode="202" statusText="Accepted" /><!-- duration: 2ms -->
</step><!-- duration: 1091ms -->
