<step title="Incoming Request" date="2025-12-13T13:29:32.635" instance="d8ce03" url="/deploy?scmType=ExternalGit&amp;isAsync=true" method="POST" type="request" pid="768,1,17" Host="cinewave.scm.azurewebsites.net" User-Agent="Azure-WebSites-Controller/106.0.7.121" Authorization="Bas..." Expect="100-continue" Content-Length="77" x-ms-request-id="8dbc0e8c-01d3-4b30-a369-7730c7e668e6" X-ARR-LOG-ID="8dbc0e8c-01d3-4b30-a369-7730c7e668e6" CLIENT-IP="70.153.161.0:7184" X-SITE-DEPLOYMENT-ID="CineWave" WAS-DEFAULT-HOSTNAME="cinewave.scm.azurewebsites.net" X-MS-PLATFORM-INTERNAL="True" X-Forwarded-Proto="https" X-AppService-Proto="https" X-Forwarded-TlsVersion="1.3" X-WAWS-Unencoded-URL="/deploy?scmType=ExternalGit&amp;isAsync=true" X-Client-IP="70.153.161.0" X-Client-Port="7184" >
  <step title="Cleanup Xml Logs" date="2025-12-13T13:29:32.636" >
    <step title="Cleanup Infos" date="2025-12-13T13:29:32.644" totalFiles="232" totalCleanup="72" /><!-- duration: 4ms -->
  </step><!-- duration: 13ms -->
  <step title="FetchHandler" date="2025-12-13T13:29:32.659" >
    <step title="Executing external process" date="2025-12-13T13:29:32.733" type="process" path="git" arguments="rev-parse --git-dir" /><!-- duration: 52ms -->
    <step title="Executing external process" date="2025-12-13T13:29:32.794" type="process" path="git" arguments="rev-parse --git-dir" /><!-- duration: 20ms -->
    <step title="Executing external process" date="2025-12-13T13:29:32.817" type="process" path="git" arguments="log -n 1 main --" /><!-- duration: 35ms -->
    <step title="Start deployment in the background" date="2025-12-13T13:29:32.864" >
      <step title="Executing external process" date="2025-12-13T13:29:32.905" type="process" path="git" arguments="rev-parse --git-dir" /><!-- duration: 40ms -->
      <step title="Executing external process" date="2025-12-13T13:29:32.947" type="process" path="git" arguments="rev-parse --git-dir" /><!-- duration: 17ms -->
      <step title="Executing external process" date="2025-12-13T13:29:32.967" type="process" path="git" arguments="log -n 1 main --" /><!-- duration: 67ms -->
      <step title="Acquiring Deployment Lock" date="2025-12-13T13:29:33.037" /><!-- duration: 2ms -->
      <step title="Acquired Deployment Lock" date="2025-12-13T13:29:33.067" /><!-- duration: 1ms -->
    </step><!-- duration: 296ms -->
  </step><!-- duration: 504ms -->
  <step title="Outgoing response" date="2025-12-13T13:29:33.167" type="response" statusCode="202" statusText="Accepted" /><!-- duration: 3ms -->
</step><!-- duration: 542ms -->
