<step title="Incoming Request" date="2025-12-13T14:17:06.718" instance="d8ce03" url="/api/deployments/latest?deployer=GITHUB_ZIP_DEPLOY&amp;time=2025-12-13_14-15-58Z" method="GET" type="request" pid="768,1,7" Host="cinewave.scm.azurewebsites.net" User-Agent="GITHUBACTIONS_DeployWebAppToAzure_be248fa6b670439a91131d8c78d4b93875bac242bafab9c4e3b97bc48d7d5ee7" Authorization="Bas..." Content-Type="application/json; charset=utf-8" Cookie="ARRAffinity=d8ce030d10a8488f5af05adb44862a92568cc382a56095090ac9f1a788fb1dff;Path=/;HttpOnly;Secure;Domain=cinewave.scm.azurewebsites.net; ARRAffinitySameSite=d8ce030d10a8488f5af05adb44862a92568cc382a56095090ac9f1a788fb1dff;Path=/;HttpOnly;SameSite=None;Secure;Domain=cinewave.scm.azurewebsites.net" Content-Length="0" X-ARR-LOG-ID="3c192d06-40a5-4908-ab07-860579d167e2" CLIENT-IP="57.151.138.242:17425" X-SITE-DEPLOYMENT-ID="CineWave" WAS-DEFAULT-HOSTNAME="cinewave.scm.azurewebsites.net" X-Forwarded-Proto="https" X-AppService-Proto="https" X-Forwarded-TlsVersion="1.3" X-WAWS-Unencoded-URL="/api/deployments/latest?deployer=GITHUB_ZIP_DEPLOY&amp;time=2025-12-13_14-15-58Z" X-Client-IP="57.151.138.242" X-Client-Port="17425" >
  <step title="Cleanup Xml Logs" date="2025-12-13T14:17:06.719" >
    <step title="Cleanup Infos" date="2025-12-13T14:17:06.752" totalFiles="429" totalCleanup="269" /><!-- duration: 5ms -->
  </step><!-- duration: 38ms -->
  <step title="DeploymentService.GetResult" date="2025-12-13T14:17:06.762" >
    <step title="DeploymentService.GetLatestDeployment" date="2025-12-13T14:17:06.763" >
      <step title="DeploymentManager.GetResults" date="2025-12-13T14:17:06.765" /><!-- duration: 354ms -->
    </step><!-- duration: 368ms -->
  </step><!-- duration: 378ms -->
  <step title="Outgoing response" date="2025-12-13T14:17:07.150" type="response" statusCode="202" statusText="Accepted" /><!-- duration: 9ms -->
</step><!-- duration: 460ms -->
