<step title="Incoming Request" date="2025-12-13T14:00:57.014" instance="d8ce03" url="/api/deployments/latest?deployer=GITHUB_ZIP_DEPLOY&amp;time=2025-12-13_14-00-09Z" method="GET" type="request" pid="770,1,17" Host="cinewave.scm.azurewebsites.net" User-Agent="GITHUBACTIONS_DeployWebAppToAzure_be248fa6b670439a91131d8c78d4b93875bac242bafab9c4e3b97bc48d7d5ee7" Authorization="Bas..." Content-Type="application/json; charset=utf-8" Cookie="ARRAffinity=d8ce030d10a8488f5af05adb44862a92568cc382a56095090ac9f1a788fb1dff;Path=/;HttpOnly;Secure;Domain=cinewave.scm.azurewebsites.net; ARRAffinitySameSite=d8ce030d10a8488f5af05adb44862a92568cc382a56095090ac9f1a788fb1dff;Path=/;HttpOnly;SameSite=None;Secure;Domain=cinewave.scm.azurewebsites.net" Content-Length="0" X-ARR-LOG-ID="7bf76cc3-e983-4204-a11f-b9914ee69815" CLIENT-IP="13.83.166.226:34816" X-SITE-DEPLOYMENT-ID="CineWave" WAS-DEFAULT-HOSTNAME="cinewave.scm.azurewebsites.net" X-Forwarded-Proto="https" X-AppService-Proto="https" X-Forwarded-TlsVersion="1.3" X-WAWS-Unencoded-URL="/api/deployments/latest?deployer=GITHUB_ZIP_DEPLOY&amp;time=2025-12-13_14-00-09Z" X-Client-IP="13.83.166.226" X-Client-Port="34816" >
  <step title="Cleanup Xml Logs" date="2025-12-13T14:00:57.036" >
    <step title="Cleanup Infos" date="2025-12-13T14:00:57.266" totalFiles="354" totalCleanup="194" /><!-- duration: 89ms -->
  </step><!-- duration: 321ms -->
  <step title="DeploymentService.GetResult" date="2025-12-13T14:00:57.487" >
    <step title="DeploymentService.GetLatestDeployment" date="2025-12-13T14:00:57.517" >
      <step title="DeploymentManager.GetResults" date="2025-12-13T14:00:57.519" /><!-- duration: 2281ms -->
    </step><!-- duration: 2364ms -->
  </step><!-- duration: 2403ms -->
  <step title="Outgoing response" date="2025-12-13T14:00:59.979" type="response" statusCode="202" statusText="Accepted" /><!-- duration: 22ms -->
</step><!-- duration: 3115ms -->
