<step title="Incoming Request" date="2025-12-13T13:33:32.783" instance="d8ce03" url="/api/scm" method="DELETE" type="request" pid="772,1,7" Host="cinewave.scm.azurewebsites.net" User-Agent="Azure-WebSites-Controller/106.0.7.121" Authorization="Bas..." x-ms-request-id="a66a852b-16cf-49b0-af2a-fb589782a258" X-ARR-LOG-ID="a66a852b-16cf-49b0-af2a-fb589782a258" CLIENT-IP="70.153.161.0:7184" X-SITE-DEPLOYMENT-ID="CineWave" WAS-DEFAULT-HOSTNAME="cinewave.scm.azurewebsites.net" X-MS-PLATFORM-INTERNAL="True" X-Forwarded-Proto="https" X-AppService-Proto="https" X-Forwarded-TlsVersion="1.3" X-WAWS-Unencoded-URL="/api/scm" X-Client-IP="70.153.161.0" X-Client-Port="7184" >
  <step title="Acquiring Deployment Lock" date="2025-12-13T13:33:33.035" /><!-- duration: 130ms -->
  <step title="Acquired Deployment Lock" date="2025-12-13T13:33:33.256" /><!-- duration: 10ms -->
  <step title="Deleting repository" date="2025-12-13T13:33:33.287" /><!-- duration: 10597ms -->
  <step title="Delete auto swap lock file" date="2025-12-13T13:33:43.942" /><!-- duration: 21ms -->
  <step title="Deleting ssh key" date="2025-12-13T13:33:44.106" /><!-- duration: 189ms -->
  <step title="Updating initial deployment manifest" date="2025-12-13T13:33:44.405" /><!-- duration: 333ms -->
  <step title="Deleting deployment cache" date="2025-12-13T13:33:44.759" /><!-- duration: 782ms -->
  <step title="Releasing Deployment Lock" date="2025-12-13T13:33:45.563" /><!-- duration: 88ms -->
  <step title="Outgoing response" date="2025-12-13T13:33:45.833" type="response" statusCode="200" statusText="OK" /><!-- duration: 28ms -->
</step><!-- duration: 13090ms -->
