<step title="Incoming Request" date="2025-12-13T13:14:55.103" instance="d8ce03" url="/api/deployments/latest?deployer=GITHUB_ZIP_DEPLOY&amp;time=2025-12-13_13-11-07Z" method="GET" type="request" pid="768,1,23" Host="cinewave.scm.azurewebsites.net" User-Agent="GITHUBACTIONS_DeployWebAppToAzure_be248fa6b670439a91131d8c78d4b93875bac242bafab9c4e3b97bc48d7d5ee7" Authorization="Bas..." Content-Type="application/json; charset=utf-8" Cookie="ARRAffinity=d8ce030d10a8488f5af05adb44862a92568cc382a56095090ac9f1a788fb1dff;Path=/;HttpOnly;Secure;Domain=cinewave.scm.azurewebsites.net; ARRAffinitySameSite=d8ce030d10a8488f5af05adb44862a92568cc382a56095090ac9f1a788fb1dff;Path=/;HttpOnly;SameSite=None;Secure;Domain=cinewave.scm.azurewebsites.net" Content-Length="0" X-ARR-LOG-ID="957da398-f846-4c65-a9d7-dc93b754bf23" CLIENT-IP="57.151.128.208:37888" X-SITE-DEPLOYMENT-ID="CineWave" WAS-DEFAULT-HOSTNAME="cinewave.scm.azurewebsites.net" X-Forwarded-Proto="https" X-AppService-Proto="https" X-Forwarded-TlsVersion="1.3" X-WAWS-Unencoded-URL="/api/deployments/latest?deployer=GITHUB_ZIP_DEPLOY&amp;time=2025-12-13_13-11-07Z" X-Client-IP="57.151.128.208" X-Client-Port="37888" >
  <step title="Cleanup Xml Logs" date="2025-12-13T13:14:55.105" >
    <step title="Cleanup Infos" date="2025-12-13T13:14:55.123" totalFiles="204" totalCleanup="44" /><!-- duration: 3ms -->
  </step><!-- duration: 29ms -->
  <step title="DeploymentService.GetResult" date="2025-12-13T13:14:55.143" >
    <step title="DeploymentService.GetLatestDeployment" date="2025-12-13T13:14:55.146" >
      <step title="DeploymentManager.GetResults" date="2025-12-13T13:14:55.154" /><!-- duration: 315ms -->
    </step><!-- duration: 331ms -->
  </step><!-- duration: 342ms -->
  <step title="Outgoing response" date="2025-12-13T13:14:55.493" type="response" statusCode="202" statusText="Accepted" /><!-- duration: 10ms -->
</step><!-- duration: 403ms -->
