<step title="Incoming Request" date="2025-12-13T14:09:11.926" instance="d8ce03" url="/api/zipdeploy?isAsync=true&amp;deployer=GITHUB_ZIP_DEPLOY&amp;message=%7B%22type%22%3A%22deployment%22%2C%22sha%22%3A%22ec25a5961c68650a8d2a55129d8bd4955c4e044b%22%2C%22repoName%22%3A%22Kiryzsuuu%2FCineWave%22%2C%22actor%22%3A%22Kiryzsuuu%22%2C%22slotName%22%3A%22production%22%2C%22commitMessage%22%3A%22Fix%3A%20Add%20custom%20nginx%20config%20for%20Laravel%20routing%22%7D" method="POST" type="request" pid="775,1,17" Host="cinewave.scm.azurewebsites.net" User-Agent="GITHUBACTIONS_DeployWebAppToAzure_be248fa6b670439a91131d8c78d4b93875bac242bafab9c4e3b97bc48d7d5ee7" Authorization="Bas..." Content-Type="application/octet-stream" Cookie="ARRAffinity=d8ce030d10a8488f5af05adb44862a92568cc382a56095090ac9f1a788fb1dff;Path=/;HttpOnly;Secure;Domain=cinewave.scm.azurewebsites.net; ARRAffinitySameSite=d8ce030d10a8488f5af05adb44862a92568cc382a56095090ac9f1a788fb1dff;Path=/;HttpOnly;SameSite=None;Secure;Domain=cinewave.scm.azurewebsites.net" Transfer-Encoding="chunked" X-ARR-LOG-ID="0b386186-9bb3-44d7-bdbe-dc48f8d4b590" CLIENT-IP="52.150.28.32:60417" X-SITE-DEPLOYMENT-ID="CineWave" WAS-DEFAULT-HOSTNAME="cinewave.scm.azurewebsites.net" X-Forwarded-Proto="https" X-AppService-Proto="https" X-Forwarded-TlsVersion="1.3" X-WAWS-Unencoded-URL="/api/zipdeploy?isAsync=true&amp;deployer=GITHUB_ZIP_DEPLOY&amp;message=%7B%22type%22%3A%22deployment%22%2C%22sha%22%3A%22ec25a5961c68650a8d2a55129d8bd4955c4e044b%22%2C%22repoName%22%3A%22Kiryzsuuu%2FCineWave%22%2C%22actor%22%3A%22Kiryzsuuu%22%2C%22slotName%22%3A%22production%22%2C%22commitMessage%22%3A%22Fix%3A%20Add%20custom%20nginx%20config%20for%20Laravel%20routing%22%7D" X-Client-IP="52.150.28.32" X-Client-Port="60417" >
  <step title="Cleanup Xml Logs" date="2025-12-13T14:09:12.025" >
    <step title="Cleanup Infos" date="2025-12-13T14:09:12.085" totalFiles="402" totalCleanup="242" /><!-- duration: 21ms -->
  </step><!-- duration: 101ms -->
  <step title="ZipPushDeploy" date="2025-12-13T14:09:12.509" >
    <step title="ZipDeploy. Extract zip. Remote build." date="2025-12-13T14:09:12.559" /><!-- duration: 29ms -->
    <step title="None repository commit" date="2025-12-13T14:09:12.688" >
      <step title="Commit id: c0217658-8f3f-4d5f-ac9e-e012af5621dc" date="2025-12-13T14:09:12.708" Message="N/A" AuthorName="N/A" AuthorEmail="N/A" /><!-- duration: 20ms -->
    </step><!-- duration: 90ms -->
    <step title="Starting PushDeployAsync" date="2025-12-13T14:09:12.819" /><!-- duration: 61ms -->
    <step title="Writing artifact to /tmp/zipdeploy/21230c09-e0c9-49e5-b769-5f8cc99bb318.zip" date="2025-12-13T14:09:12.991" >
      <step title="Writing multipart request body to /tmp/zipdeploy/21230c09-e0c9-49e5-b769-5f8cc99bb318.zip" date="2025-12-13T14:09:13.051" /><!-- duration: 59ms -->
    </step><!-- duration: 23362ms -->
    <step title="Start deployment in the background" date="2025-12-13T14:09:36.645" >
      <step title="Acquiring Deployment Lock" date="2025-12-13T14:09:37.282" /><!-- duration: 53ms -->
      <step title="Acquired Deployment Lock" date="2025-12-13T14:09:37.506" /><!-- duration: 70ms -->
    </step><!-- duration: 1374ms -->
  </step><!-- duration: 25841ms -->
  <step title="Outgoing response" date="2025-12-13T14:09:38.479" type="response" statusCode="202" statusText="Accepted" /><!-- duration: 29ms -->
</step><!-- duration: 26593ms -->
