<step title="Incoming Request" date="2025-12-13T14:06:08.308" instance="d8ce03" url="/api/deployments/latest?deployer=GITHUB_ZIP_DEPLOY&amp;time=2025-12-13_14-05-53Z" method="GET" type="request" pid="773,1,19" Host="cinewave.scm.azurewebsites.net" User-Agent="GITHUBACTIONS_DeployWebAppToAzure_be248fa6b670439a91131d8c78d4b93875bac242bafab9c4e3b97bc48d7d5ee7" Authorization="Bas..." Content-Type="application/json; charset=utf-8" Cookie="ARRAffinity=d8ce030d10a8488f5af05adb44862a92568cc382a56095090ac9f1a788fb1dff;Path=/;HttpOnly;Secure;Domain=cinewave.scm.azurewebsites.net; ARRAffinitySameSite=d8ce030d10a8488f5af05adb44862a92568cc382a56095090ac9f1a788fb1dff;Path=/;HttpOnly;SameSite=None;Secure;Domain=cinewave.scm.azurewebsites.net" Content-Length="0" X-ARR-LOG-ID="8a266aff-29bb-43af-8c79-5802a75b9be8" CLIENT-IP="135.232.224.104:36865" X-SITE-DEPLOYMENT-ID="CineWave" WAS-DEFAULT-HOSTNAME="cinewave.scm.azurewebsites.net" X-Forwarded-Proto="https" X-AppService-Proto="https" X-Forwarded-TlsVersion="1.3" X-WAWS-Unencoded-URL="/api/deployments/latest?deployer=GITHUB_ZIP_DEPLOY&amp;time=2025-12-13_14-05-53Z" X-Client-IP="135.232.224.104" X-Client-Port="36865" >
  <step title="Cleanup Xml Logs" date="2025-12-13T14:06:08.326" >
    <step title="Cleanup Infos" date="2025-12-13T14:06:08.357" totalFiles="379" totalCleanup="219" /><!-- duration: 3ms -->
  </step><!-- duration: 53ms -->
  <step title="DeploymentService.GetResult" date="2025-12-13T14:06:08.469" >
    <step title="DeploymentService.GetLatestDeployment" date="2025-12-13T14:06:08.477" >
      <step title="DeploymentManager.GetResults" date="2025-12-13T14:06:08.488" /><!-- duration: 434ms -->
    </step><!-- duration: 452ms -->
  </step><!-- duration: 463ms -->
  <step title="Outgoing response" date="2025-12-13T14:06:08.951" type="response" statusCode="202" statusText="Accepted" /><!-- duration: 2ms -->
</step><!-- duration: 654ms -->
