<step title="Incoming Request" date="2025-12-13T14:02:16.400" instance="d8ce03" url="/api/deployments/latest?deployer=GITHUB_ZIP_DEPLOY&amp;time=2025-12-13_14-00-09Z" method="GET" type="request" pid="770,1,16" Host="cinewave.scm.azurewebsites.net" User-Agent="GITHUBACTIONS_DeployWebAppToAzure_be248fa6b670439a91131d8c78d4b93875bac242bafab9c4e3b97bc48d7d5ee7" Authorization="Bas..." Content-Type="application/json; charset=utf-8" Cookie="ARRAffinity=d8ce030d10a8488f5af05adb44862a92568cc382a56095090ac9f1a788fb1dff;Path=/;HttpOnly;Secure;Domain=cinewave.scm.azurewebsites.net; ARRAffinitySameSite=d8ce030d10a8488f5af05adb44862a92568cc382a56095090ac9f1a788fb1dff;Path=/;HttpOnly;SameSite=None;Secure;Domain=cinewave.scm.azurewebsites.net" Content-Length="0" X-ARR-LOG-ID="4f94c964-9209-4d16-8223-b755ae0000a3" CLIENT-IP="13.83.166.226:34816" X-SITE-DEPLOYMENT-ID="CineWave" WAS-DEFAULT-HOSTNAME="cinewave.scm.azurewebsites.net" X-Forwarded-Proto="https" X-AppService-Proto="https" X-Forwarded-TlsVersion="1.3" X-WAWS-Unencoded-URL="/api/deployments/latest?deployer=GITHUB_ZIP_DEPLOY&amp;time=2025-12-13_14-00-09Z" X-Client-IP="13.83.166.226" X-Client-Port="34816" >
  <step title="Cleanup Xml Logs" date="2025-12-13T14:02:16.420" >
    <step title="Cleanup Infos" date="2025-12-13T14:02:16.511" totalFiles="362" totalCleanup="202" /><!-- duration: 49ms -->
  </step><!-- duration: 160ms -->
  <step title="DeploymentService.GetResult" date="2025-12-13T14:02:16.642" >
    <step title="DeploymentService.GetLatestDeployment" date="2025-12-13T14:02:16.651" >
      <step title="DeploymentManager.GetResults" date="2025-12-13T14:02:16.653" /><!-- duration: 1587ms -->
    </step><!-- duration: 1627ms -->
  </step><!-- duration: 1886ms -->
  <step title="Outgoing response" date="2025-12-13T14:02:18.570" type="response" statusCode="202" statusText="Accepted" /><!-- duration: 28ms -->
</step><!-- duration: 2249ms -->
