<step title="Incoming Request" date="2025-12-13T14:20:19.473" instance="d8ce03" url="/api/zipdeploy?isAsync=true&amp;deployer=GITHUB_ZIP_DEPLOY&amp;message=%7B%22type%22%3A%22deployment%22%2C%22sha%22%3A%22686163a5d2de08d1e17aa62697ec9c12afd2a8a7%22%2C%22repoName%22%3A%22Kiryzsuuu%2FCineWave%22%2C%22actor%22%3A%22Kiryzsuuu%22%2C%22slotName%22%3A%22production%22%2C%22commitMessage%22%3A%22Add%20root%20index.php%20to%20forward%20to%20Laravel%20public%22%7D" method="POST" type="request" pid="768,1,20" Host="cinewave.scm.azurewebsites.net" User-Agent="GITHUBACTIONS_DeployWebAppToAzure_be248fa6b670439a91131d8c78d4b93875bac242bafab9c4e3b97bc48d7d5ee7" Authorization="Bas..." Content-Type="application/octet-stream" Cookie="ARRAffinity=d8ce030d10a8488f5af05adb44862a92568cc382a56095090ac9f1a788fb1dff;Path=/;HttpOnly;Secure;Domain=cinewave.scm.azurewebsites.net; ARRAffinitySameSite=d8ce030d10a8488f5af05adb44862a92568cc382a56095090ac9f1a788fb1dff;Path=/;HttpOnly;SameSite=None;Secure;Domain=cinewave.scm.azurewebsites.net" Transfer-Encoding="chunked" X-ARR-LOG-ID="ae312411-cb42-41ae-b31d-9a3fb70520f6" CLIENT-IP="52.234.41.66:33808" X-SITE-DEPLOYMENT-ID="CineWave" WAS-DEFAULT-HOSTNAME="cinewave.scm.azurewebsites.net" X-Forwarded-Proto="https" X-AppService-Proto="https" X-Forwarded-TlsVersion="1.3" X-WAWS-Unencoded-URL="/api/zipdeploy?isAsync=true&amp;deployer=GITHUB_ZIP_DEPLOY&amp;message=%7B%22type%22%3A%22deployment%22%2C%22sha%22%3A%22686163a5d2de08d1e17aa62697ec9c12afd2a8a7%22%2C%22repoName%22%3A%22Kiryzsuuu%2FCineWave%22%2C%22actor%22%3A%22Kiryzsuuu%22%2C%22slotName%22%3A%22production%22%2C%22commitMessage%22%3A%22Add%20root%20index.php%20to%20forward%20to%20Laravel%20public%22%7D" X-Client-IP="52.234.41.66" X-Client-Port="33808" >
  <step title="Cleanup Xml Logs" date="2025-12-13T14:20:19.494" >
    <step title="Cleanup Infos" date="2025-12-13T14:20:19.586" totalFiles="463" totalCleanup="303" /><!-- duration: 39ms -->
  </step><!-- duration: 169ms -->
  <step title="ZipPushDeploy" date="2025-12-13T14:20:19.724" >
    <step title="ZipDeploy. Extract zip. Remote build." date="2025-12-13T14:20:19.767" /><!-- duration: 60ms -->
    <step title="Starting PushDeployAsync" date="2025-12-13T14:20:19.917" /><!-- duration: 59ms -->
    <step title="Writing artifact to /tmp/zipdeploy/0301dcc9-7b60-4008-b6be-c176880a8f44.zip" date="2025-12-13T14:20:20.096" >
      <step title="Writing multipart request body to /tmp/zipdeploy/0301dcc9-7b60-4008-b6be-c176880a8f44.zip" date="2025-12-13T14:20:20.118" /><!-- duration: 88ms -->
    </step><!-- duration: 7508ms -->
    <step title="Start deployment in the background" date="2025-12-13T14:20:27.673" >
      <step title="Acquiring Deployment Lock" date="2025-12-13T14:20:27.973" /><!-- duration: 11ms -->
      <step title="Acquired Deployment Lock" date="2025-12-13T14:20:28.054" /><!-- duration: 20ms -->
    </step><!-- duration: 926ms -->
  </step><!-- duration: 8963ms -->
  <step title="Outgoing response" date="2025-12-13T14:20:28.746" type="response" statusCode="202" statusText="Accepted" /><!-- duration: 10ms -->
</step><!-- duration: 9294ms -->
