<step title="Incoming Request" date="2025-12-13T13:45:01.100" instance="d8ce03" url="/deploy?scmType=ExternalGit&amp;isAsync=true" method="POST" type="request" pid="768,1,19" Host="cinewave.scm.azurewebsites.net" User-Agent="Azure-WebSites-Controller/106.0.7.121" Authorization="Bas..." Expect="100-continue" Content-Length="81" x-ms-request-id="d66ab685-6b0a-492b-92a0-ebbd94f31912" X-ARR-LOG-ID="d66ab685-6b0a-492b-92a0-ebbd94f31912" CLIENT-IP="70.153.161.0:24449" X-SITE-DEPLOYMENT-ID="CineWave" WAS-DEFAULT-HOSTNAME="cinewave.scm.azurewebsites.net" X-MS-PLATFORM-INTERNAL="True" X-Forwarded-Proto="https" X-AppService-Proto="https" X-Forwarded-TlsVersion="1.3" X-WAWS-Unencoded-URL="/deploy?scmType=ExternalGit&amp;isAsync=true" X-Client-IP="70.153.161.0" X-Client-Port="24449" >
  <step title="Cleanup Xml Logs" date="2025-12-13T13:45:01.103" >
    <step title="Cleanup Infos" date="2025-12-13T13:45:01.109" totalFiles="300" totalCleanup="140" /><!-- duration: 2ms -->
  </step><!-- duration: 10ms -->
  <step title="FetchHandler" date="2025-12-13T13:45:01.148" >
    <step title="Executing external process" date="2025-12-13T13:45:01.241" type="process" path="git" arguments="rev-parse --git-dir" /><!-- duration: 77ms -->
    <step title="Executing external process" date="2025-12-13T13:45:01.327" type="process" path="git" arguments="rev-parse --git-dir" /><!-- duration: 20ms -->
    <step title="Executing external process" date="2025-12-13T13:45:01.350" type="process" path="git" arguments="log -n 1 master --" >
      <step title="Process dump" date="2025-12-13T13:45:01.368" exitCode="128" type="processOutput" /><!-- duration: 2ms -->
    </step><!-- duration: 29ms -->
    <step title="Start deployment in the background" date="2025-12-13T13:45:01.388" >
      <step title="Executing external process" date="2025-12-13T13:45:01.417" type="process" path="git" arguments="rev-parse --git-dir" /><!-- duration: 13ms -->
      <step title="Executing external process" date="2025-12-13T13:45:01.438" type="process" path="git" arguments="rev-parse --git-dir" /><!-- duration: 12ms -->
      <step title="Executing external process" date="2025-12-13T13:45:01.452" type="process" path="git" arguments="log -n 1 master --" >
        <step title="Process dump" date="2025-12-13T13:45:01.480" exitCode="128" type="processOutput" /><!-- duration: 2ms -->
      </step><!-- duration: 32ms -->
      <step title="Acquiring Deployment Lock" date="2025-12-13T13:45:01.486" /><!-- duration: 2ms -->
      <step title="Acquired Deployment Lock" date="2025-12-13T13:45:01.531" /><!-- duration: 1ms -->
    </step><!-- duration: 199ms -->
  </step><!-- duration: 443ms -->
  <step title="Outgoing response" date="2025-12-13T13:45:01.592" type="response" statusCode="202" statusText="Accepted" /><!-- duration: 1ms -->
</step><!-- duration: 494ms -->
