<step title="Incoming Request" date="2025-12-13T13:46:33.951" instance="d8ce03" url="/api/deployments/latest?deployer=GITHUB_ZIP_DEPLOY&amp;time=2025-12-13_13-45-36Z" method="GET" type="request" pid="768,1,24" Host="cinewave.scm.azurewebsites.net" User-Agent="GITHUBACTIONS_DeployWebAppToAzure_be248fa6b670439a91131d8c78d4b93875bac242bafab9c4e3b97bc48d7d5ee7" Authorization="Bas..." Content-Type="application/json; charset=utf-8" Cookie="ARRAffinity=d8ce030d10a8488f5af05adb44862a92568cc382a56095090ac9f1a788fb1dff;Path=/;HttpOnly;Secure;Domain=cinewave.scm.azurewebsites.net; ARRAffinitySameSite=d8ce030d10a8488f5af05adb44862a92568cc382a56095090ac9f1a788fb1dff;Path=/;HttpOnly;SameSite=None;Secure;Domain=cinewave.scm.azurewebsites.net" Content-Length="0" X-ARR-LOG-ID="879e034e-9b67-4f6b-96ed-4f0e1b6ed303" CLIENT-IP="172.182.226.214:7200" X-SITE-DEPLOYMENT-ID="CineWave" WAS-DEFAULT-HOSTNAME="cinewave.scm.azurewebsites.net" X-Forwarded-Proto="https" X-AppService-Proto="https" X-Forwarded-TlsVersion="1.3" X-WAWS-Unencoded-URL="/api/deployments/latest?deployer=GITHUB_ZIP_DEPLOY&amp;time=2025-12-13_13-45-36Z" X-Client-IP="172.182.226.214" X-Client-Port="7200" >
  <step title="Cleanup Xml Logs" date="2025-12-13T13:46:33.952" >
    <step title="Cleanup Infos" date="2025-12-13T13:46:33.970" totalFiles="315" totalCleanup="155" /><!-- duration: 3ms -->
  </step><!-- duration: 26ms -->
  <step title="DeploymentService.GetResult" date="2025-12-13T13:46:33.982" >
    <step title="DeploymentService.GetLatestDeployment" date="2025-12-13T13:46:33.984" >
      <step title="DeploymentManager.GetResults" date="2025-12-13T13:46:33.990" /><!-- duration: 605ms -->
    </step><!-- duration: 619ms -->
  </step><!-- duration: 630ms -->
  <step title="Outgoing response" date="2025-12-13T13:46:34.624" type="response" statusCode="202" statusText="Accepted" /><!-- duration: 8ms -->
</step><!-- duration: 683ms -->
