<step title="Incoming Request" date="2025-12-13T14:07:05.374" instance="d8ce03" url="/api/deployments/latest?deployer=GITHUB_ZIP_DEPLOY&amp;time=2025-12-13_14-05-53Z" method="GET" type="request" pid="773,1,23" Host="cinewave.scm.azurewebsites.net" User-Agent="GITHUBACTIONS_DeployWebAppToAzure_be248fa6b670439a91131d8c78d4b93875bac242bafab9c4e3b97bc48d7d5ee7" Authorization="Bas..." Content-Type="application/json; charset=utf-8" Cookie="ARRAffinity=d8ce030d10a8488f5af05adb44862a92568cc382a56095090ac9f1a788fb1dff;Path=/;HttpOnly;Secure;Domain=cinewave.scm.azurewebsites.net; ARRAffinitySameSite=d8ce030d10a8488f5af05adb44862a92568cc382a56095090ac9f1a788fb1dff;Path=/;HttpOnly;SameSite=None;Secure;Domain=cinewave.scm.azurewebsites.net" Content-Length="0" X-ARR-LOG-ID="52895adc-a941-4980-9ec6-9cfd37cf82ae" CLIENT-IP="135.232.224.104:36864" X-SITE-DEPLOYMENT-ID="CineWave" WAS-DEFAULT-HOSTNAME="cinewave.scm.azurewebsites.net" X-Forwarded-Proto="https" X-AppService-Proto="https" X-Forwarded-TlsVersion="1.3" X-WAWS-Unencoded-URL="/api/deployments/latest?deployer=GITHUB_ZIP_DEPLOY&amp;time=2025-12-13_14-05-53Z" X-Client-IP="135.232.224.104" X-Client-Port="36864" >
  <step title="Cleanup Xml Logs" date="2025-12-13T14:07:05.403" >
    <step title="Cleanup Infos" date="2025-12-13T14:07:06.066" totalFiles="387" totalCleanup="227" /><!-- duration: 30ms -->
  </step><!-- duration: 786ms -->
  <step title="DeploymentService.GetResult" date="2025-12-13T14:07:06.458" >
    <step title="DeploymentService.GetLatestDeployment" date="2025-12-13T14:07:06.741" >
      <step title="DeploymentManager.GetResults" date="2025-12-13T14:07:07.011" /><!-- duration: 4919ms -->
    </step><!-- duration: 5199ms -->
  </step><!-- duration: 5485ms -->
  <step title="Outgoing response" date="2025-12-13T14:07:12.002" type="response" statusCode="202" statusText="Accepted" /><!-- duration: 58ms -->
</step><!-- duration: 6770ms -->
