<step title="Incoming Request" date="2025-12-13T14:18:53.649" instance="d8ce03" url="/api/zipdeploy?isAsync=true&amp;deployer=GITHUB_ZIP_DEPLOY&amp;message=%7B%22type%22%3A%22deployment%22%2C%22sha%22%3A%22686163a5d2de08d1e17aa62697ec9c12afd2a8a7%22%2C%22repoName%22%3A%22Kiryzsuuu%2FCineWave%22%2C%22actor%22%3A%22Kiryzsuuu%22%2C%22slotName%22%3A%22production%22%2C%22commitMessage%22%3A%22Add%20root%20index.php%20to%20forward%20to%20Laravel%20public%22%7D" method="POST" type="request" pid="768,1,7" Host="cinewave.scm.azurewebsites.net" User-Agent="GITHUBACTIONS_DeployWebAppToAzure_be248fa6b670439a91131d8c78d4b93875bac242bafab9c4e3b97bc48d7d5ee7" Authorization="Bas..." Content-Type="application/octet-stream" Cookie="ARRAffinity=d8ce030d10a8488f5af05adb44862a92568cc382a56095090ac9f1a788fb1dff;Path=/;HttpOnly;Secure;Domain=cinewave.scm.azurewebsites.net; ARRAffinitySameSite=d8ce030d10a8488f5af05adb44862a92568cc382a56095090ac9f1a788fb1dff;Path=/;HttpOnly;SameSite=None;Secure;Domain=cinewave.scm.azurewebsites.net" Transfer-Encoding="chunked" X-ARR-LOG-ID="2b6b8652-5fa0-4a24-9fb7-8efd29fd754d" CLIENT-IP="52.234.41.66:33809" X-SITE-DEPLOYMENT-ID="CineWave" WAS-DEFAULT-HOSTNAME="cinewave.scm.azurewebsites.net" X-Forwarded-Proto="https" X-AppService-Proto="https" X-Forwarded-TlsVersion="1.3" X-WAWS-Unencoded-URL="/api/zipdeploy?isAsync=true&amp;deployer=GITHUB_ZIP_DEPLOY&amp;message=%7B%22type%22%3A%22deployment%22%2C%22sha%22%3A%22686163a5d2de08d1e17aa62697ec9c12afd2a8a7%22%2C%22repoName%22%3A%22Kiryzsuuu%2FCineWave%22%2C%22actor%22%3A%22Kiryzsuuu%22%2C%22slotName%22%3A%22production%22%2C%22commitMessage%22%3A%22Add%20root%20index.php%20to%20forward%20to%20Laravel%20public%22%7D" X-Client-IP="52.234.41.66" X-Client-Port="33809" >
  <step title="ZipPushDeploy" date="2025-12-13T14:18:53.777" >
    <step title="ZipDeploy. Extract zip. Remote build." date="2025-12-13T14:18:53.787" /><!-- duration: 3ms -->
    <step title="Starting PushDeployAsync" date="2025-12-13T14:18:53.798" /><!-- duration: 2ms -->
    <step title="Writing artifact to /tmp/zipdeploy/6f35b9d5-280b-4c71-ac1d-0856e248f001.zip" date="2025-12-13T14:18:53.846" >
      <step title="Writing multipart request body to /tmp/zipdeploy/6f35b9d5-280b-4c71-ac1d-0856e248f001.zip" date="2025-12-13T14:18:53.849" /><!-- duration: 2ms -->
    </step><!-- duration: 6068ms -->
    <step title="Start deployment in the background" date="2025-12-13T14:18:59.956" >
      <step title="Acquiring Deployment Lock" date="2025-12-13T14:18:59.963" /><!-- duration: 3ms -->
      <step title="Cannot Acquire Deployment Lock already held" date="2025-12-13T14:18:59.980" /><!-- duration: 3ms -->
    </step><!-- duration: 335ms -->
    <step title="There is a deployment currently in progress. Please try again when it completes." date="2025-12-13T14:19:00.300" /><!-- duration: 3ms -->
  </step><!-- duration: 6531ms -->
  <step title="Outgoing response" date="2025-12-13T14:19:00.329" type="response" statusCode="409" statusText="Conflict" /><!-- duration: 11ms -->
</step><!-- duration: 6702ms -->
