<step title="Incoming Request" date="2025-12-13T14:17:20.586" instance="d8ce03" url="/api/deployments/latest?deployer=GITHUB_ZIP_DEPLOY&amp;time=2025-12-13_14-15-58Z" method="GET" type="request" pid="768,1,20" Host="cinewave.scm.azurewebsites.net" User-Agent="GITHUBACTIONS_DeployWebAppToAzure_be248fa6b670439a91131d8c78d4b93875bac242bafab9c4e3b97bc48d7d5ee7" Authorization="Bas..." Content-Type="application/json; charset=utf-8" Cookie="ARRAffinity=d8ce030d10a8488f5af05adb44862a92568cc382a56095090ac9f1a788fb1dff;Path=/;HttpOnly;Secure;Domain=cinewave.scm.azurewebsites.net; ARRAffinitySameSite=d8ce030d10a8488f5af05adb44862a92568cc382a56095090ac9f1a788fb1dff;Path=/;HttpOnly;SameSite=None;Secure;Domain=cinewave.scm.azurewebsites.net" Content-Length="0" X-ARR-LOG-ID="cf936f62-0a14-424e-8e6a-a20fd24181a6" CLIENT-IP="57.151.138.242:17425" X-SITE-DEPLOYMENT-ID="CineWave" WAS-DEFAULT-HOSTNAME="cinewave.scm.azurewebsites.net" X-Forwarded-Proto="https" X-AppService-Proto="https" X-Forwarded-TlsVersion="1.3" X-WAWS-Unencoded-URL="/api/deployments/latest?deployer=GITHUB_ZIP_DEPLOY&amp;time=2025-12-13_14-15-58Z" X-Client-IP="57.151.138.242" X-Client-Port="17425" >
  <step title="Cleanup Xml Logs" date="2025-12-13T14:17:20.595" >
    <step title="Cleanup Infos" date="2025-12-13T14:17:20.847" totalFiles="431" totalCleanup="271" /><!-- duration: 79ms -->
  </step><!-- duration: 343ms -->
  <step title="DeploymentService.GetResult" date="2025-12-13T14:17:21.008" >
    <step title="DeploymentService.GetLatestDeployment" date="2025-12-13T14:17:21.156" >
      <step title="DeploymentManager.GetResults" date="2025-12-13T14:17:21.168" /><!-- duration: 1542ms -->
    </step><!-- duration: 1574ms -->
  </step><!-- duration: 1731ms -->
  <step title="Outgoing response" date="2025-12-13T14:17:22.741" type="response" statusCode="202" statusText="Accepted" /><!-- duration: 30ms -->
</step><!-- duration: 2203ms -->
