<step title="Incoming Request" date="2025-12-13T13:12:40.076" instance="d8ce03" url="/api/zipdeploy?isAsync=true&amp;deployer=GITHUB_ZIP_DEPLOY&amp;message=%7B%22type%22%3A%22deployment%22%2C%22sha%22%3A%2250bc0a56d5c9bee84a6e821e1ad5cd02cf775e4e%22%2C%22repoName%22%3A%22Kiryzsuuu%2FCineWave%22%2C%22actor%22%3A%22Kiryzsuuu%22%2C%22slotName%22%3A%22production%22%2C%22commitMessage%22%3A%22Add%20htaccess%20and%20test%20file%20for%20debugging%22%7D" method="POST" type="request" pid="768,1,22" Host="cinewave.scm.azurewebsites.net" User-Agent="GITHUBACTIONS_DeployWebAppToAzure_be248fa6b670439a91131d8c78d4b93875bac242bafab9c4e3b97bc48d7d5ee7" Authorization="Bas..." Content-Type="application/octet-stream" Cookie="ARRAffinity=d8ce030d10a8488f5af05adb44862a92568cc382a56095090ac9f1a788fb1dff;Path=/;HttpOnly;Secure;Domain=cinewave.scm.azurewebsites.net; ARRAffinitySameSite=d8ce030d10a8488f5af05adb44862a92568cc382a56095090ac9f1a788fb1dff;Path=/;HttpOnly;SameSite=None;Secure;Domain=cinewave.scm.azurewebsites.net" Transfer-Encoding="chunked" X-ARR-LOG-ID="a31ddf2e-348b-4f16-b81d-cd280027e095" CLIENT-IP="68.220.58.144:21441" X-SITE-DEPLOYMENT-ID="CineWave" WAS-DEFAULT-HOSTNAME="cinewave.scm.azurewebsites.net" X-Forwarded-Proto="https" X-AppService-Proto="https" X-Forwarded-TlsVersion="1.3" X-WAWS-Unencoded-URL="/api/zipdeploy?isAsync=true&amp;deployer=GITHUB_ZIP_DEPLOY&amp;message=%7B%22type%22%3A%22deployment%22%2C%22sha%22%3A%2250bc0a56d5c9bee84a6e821e1ad5cd02cf775e4e%22%2C%22repoName%22%3A%22Kiryzsuuu%2FCineWave%22%2C%22actor%22%3A%22Kiryzsuuu%22%2C%22slotName%22%3A%22production%22%2C%22commitMessage%22%3A%22Add%20htaccess%20and%20test%20file%20for%20debugging%22%7D" X-Client-IP="68.220.58.144" X-Client-Port="21441" >
  <step title="Cleanup Xml Logs" date="2025-12-13T13:12:40.086" /><!-- duration: 61ms -->
  <step title="ZipPushDeploy" date="2025-12-13T13:12:40.246" >
    <step title="ZipDeploy. Extract zip. Remote build." date="2025-12-13T13:12:40.286" /><!-- duration: 9ms -->
    <step title="None repository commit" date="2025-12-13T13:12:40.297" >
      <step title="Commit id: 56c1ed98-4a89-43a0-a4b4-819b82e16082" date="2025-12-13T13:12:40.315" Message="N/A" AuthorName="N/A" AuthorEmail="N/A" /><!-- duration: 1ms -->
    </step><!-- duration: 29ms -->
    <step title="Starting PushDeployAsync" date="2025-12-13T13:12:40.336" /><!-- duration: 1ms -->
    <step title="Writing artifact to /tmp/zipdeploy/62ad791b-c6bc-4d91-9948-f6a8f5f3874a.zip" date="2025-12-13T13:12:40.417" >
      <step title="Writing multipart request body to /tmp/zipdeploy/62ad791b-c6bc-4d91-9948-f6a8f5f3874a.zip" date="2025-12-13T13:12:40.427" /><!-- duration: 19ms -->
    </step><!-- duration: 2467ms -->
    <step title="None repository commit" date="2025-12-13T13:12:42.916" >
      <step title="Commit id: 56c1ed98-4a89-43a0-a4b4-819b82e16082" date="2025-12-13T13:12:42.927" Message="N/A" AuthorName="N/A" AuthorEmail="N/A" /><!-- duration: 29ms -->
    </step><!-- duration: 42ms -->
    <step title="Start deployment in the background" date="2025-12-13T13:12:42.968" >
      <step title="None repository commit" date="2025-12-13T13:12:43.156" >
        <step title="Commit id: 56c1ed98-4a89-43a0-a4b4-819b82e16082" date="2025-12-13T13:12:43.166" Message="N/A" AuthorName="N/A" AuthorEmail="N/A" /><!-- duration: 2ms -->
      </step><!-- duration: 30ms -->
      <step title="Acquiring Deployment Lock" date="2025-12-13T13:12:43.188" /><!-- duration: 8ms -->
      <step title="Cannot Acquire Deployment Lock already held" date="2025-12-13T13:12:43.206" /><!-- duration: 3ms -->
    </step><!-- duration: 400ms -->
    <step title="There is a deployment currently in progress. Please try again when it completes." date="2025-12-13T13:12:43.371" /><!-- duration: 7ms -->
  </step><!-- duration: 3141ms -->
  <step title="Outgoing response" date="2025-12-13T13:12:43.408" type="response" statusCode="409" statusText="Conflict" /><!-- duration: 9ms -->
</step><!-- duration: 3372ms -->
