<step title="BackgroundTrace" date="2025-12-13T14:05:05.398" instance="d8ce03" url="/deploy" method="POST" >
  <step title="Cleanup Xml Logs" date="2025-12-13T14:05:05.407" >
    <step title="Cleanup Infos" date="2025-12-13T14:05:05.468" totalFiles="371" totalCleanup="211" /><!-- duration: 10ms -->
  </step><!-- duration: 82ms -->
  <step title="Creating temporary deployment - FetchDeploymentManager" date="2025-12-13T14:05:07.825" /><!-- duration: 50ms -->
  <step title="Creating temporary deployment" date="2025-12-13T14:05:07.936" /><!-- duration: 211ms -->
  <step title="Performing fetch based deployment" date="2025-12-13T14:05:09.826" >
    <step title="Cleaning up temporary deployment - fetch deployment was successful" date="2025-12-13T14:05:18.914" /><!-- duration: 70ms -->
  </step><!-- duration: 9398ms -->
</step><!-- duration: 13927ms -->
