<step title="Incoming Request" date="2025-12-13T14:21:14.653" instance="d8ce03" url="/api/deployments/latest?deployer=GITHUB_ZIP_DEPLOY&amp;time=2025-12-13_14-20-28Z" method="GET" type="request" pid="768,1,7" Host="cinewave.scm.azurewebsites.net" User-Agent="GITHUBACTIONS_DeployWebAppToAzure_be248fa6b670439a91131d8c78d4b93875bac242bafab9c4e3b97bc48d7d5ee7" Authorization="Bas..." Content-Type="application/json; charset=utf-8" Cookie="ARRAffinity=d8ce030d10a8488f5af05adb44862a92568cc382a56095090ac9f1a788fb1dff;Path=/;HttpOnly;Secure;Domain=cinewave.scm.azurewebsites.net; ARRAffinitySameSite=d8ce030d10a8488f5af05adb44862a92568cc382a56095090ac9f1a788fb1dff;Path=/;HttpOnly;SameSite=None;Secure;Domain=cinewave.scm.azurewebsites.net" Content-Length="0" X-ARR-LOG-ID="fb34f56c-a649-47e2-8d3d-0e85eaf5d2d5" CLIENT-IP="52.234.41.66:33809" X-SITE-DEPLOYMENT-ID="CineWave" WAS-DEFAULT-HOSTNAME="cinewave.scm.azurewebsites.net" X-Forwarded-Proto="https" X-AppService-Proto="https" X-Forwarded-TlsVersion="1.3" X-WAWS-Unencoded-URL="/api/deployments/latest?deployer=GITHUB_ZIP_DEPLOY&amp;time=2025-12-13_14-20-28Z" X-Client-IP="52.234.41.66" X-Client-Port="33809" >
  <step title="Cleanup Xml Logs" date="2025-12-13T14:21:14.662" >
    <step title="Cleanup Infos" date="2025-12-13T14:21:14.692" totalFiles="472" totalCleanup="312" /><!-- duration: 19ms -->
  </step><!-- duration: 68ms -->
  <step title="DeploymentService.GetResult" date="2025-12-13T14:21:14.751" >
    <step title="DeploymentService.GetLatestDeployment" date="2025-12-13T14:21:14.762" >
      <step title="DeploymentManager.GetResults" date="2025-12-13T14:21:14.771" /><!-- duration: 212ms -->
    </step><!-- duration: 222ms -->
  </step><!-- duration: 236ms -->
  <step title="Outgoing response" date="2025-12-13T14:21:14.996" type="response" statusCode="202" statusText="Accepted" /><!-- duration: 10ms -->
</step><!-- duration: 362ms -->
