<step title="Incoming Request" date="2025-12-13T11:37:40.600" instance="d8ce03" url="/deploy?scmType=ExternalGit&amp;isAsync=true" method="POST" type="request" pid="769,1,5" Host="cinewave.scm.azurewebsites.net" User-Agent="Azure-WebSites-Controller/106.0.7.121" Authorization="Bas..." Expect="100-continue" Content-Length="81" x-ms-request-id="f5e8dbfe-bbe5-43c5-800d-b10878c194f3" X-ARR-LOG-ID="f5e8dbfe-bbe5-43c5-800d-b10878c194f3" CLIENT-IP="70.153.161.0:17472" X-SITE-DEPLOYMENT-ID="CineWave" WAS-DEFAULT-HOSTNAME="cinewave.scm.azurewebsites.net" X-MS-PLATFORM-INTERNAL="True" X-Forwarded-Proto="https" X-AppService-Proto="https" X-Forwarded-TlsVersion="1.3" X-WAWS-Unencoded-URL="/deploy?scmType=ExternalGit&amp;isAsync=true" X-Client-IP="70.153.161.0" X-Client-Port="17472" >
  <step title="Cleanup Xml Logs" date="2025-12-13T11:37:40.620" /><!-- duration: 4ms -->
  <step title="FetchHandler" date="2025-12-13T11:37:40.642" >
    <step title="Executing external process" date="2025-12-13T11:37:40.712" type="process" path="git" arguments="rev-parse --git-dir" /><!-- duration: 61ms -->
    <step title="Executing external process" date="2025-12-13T11:37:40.783" type="process" path="git" arguments="rev-parse --git-dir" /><!-- duration: 19ms -->
    <step title="Executing external process" date="2025-12-13T11:37:40.804" type="process" path="git" arguments="log -n 1 main --" /><!-- duration: 34ms -->
    <step title="Start deployment in the background" date="2025-12-13T11:37:40.843" >
      <step title="Executing external process" date="2025-12-13T11:37:40.868" type="process" path="git" arguments="rev-parse --git-dir" /><!-- duration: 45ms -->
      <step title="Executing external process" date="2025-12-13T11:37:40.916" type="process" path="git" arguments="rev-parse --git-dir" /><!-- duration: 17ms -->
      <step title="Executing external process" date="2025-12-13T11:37:40.935" type="process" path="git" arguments="log -n 1 main --" /><!-- duration: 19ms -->
      <step title="Acquiring Deployment Lock" date="2025-12-13T11:37:40.956" /><!-- duration: 2ms -->
      <step title="Acquired Deployment Lock" date="2025-12-13T11:37:41.036" /><!-- duration: 1ms -->
    </step><!-- duration: 284ms -->
  </step><!-- duration: 488ms -->
  <step title="Outgoing response" date="2025-12-13T11:37:41.179" type="response" statusCode="202" statusText="Accepted" /><!-- duration: 3ms -->
</step><!-- duration: 583ms -->
