<step title="BackgroundTrace" date="2025-12-13T12:29:39.285" instance="d8ce03" url="/deploy" method="POST" >
  <step title="Creating temporary deployment - FetchDeploymentManager" date="2025-12-13T12:29:39.427" /><!-- duration: 1ms -->
  <step title="Creating temporary deployment" date="2025-12-13T12:29:39.435" /><!-- duration: 27ms -->
  <step title="Performing fetch based deployment" date="2025-12-13T12:29:39.765" >
    <step title="Deployment timer started" date="2025-12-13T12:29:45.204" >
      <step title="DeploymentManager.Deploy(id:35b9a19f9e2272dd91276b07f96cc20a68cc5738)" date="2025-12-13T12:29:45.215" >
        <step title="Collecting changeset information" date="2025-12-13T12:29:45.236" /><!-- duration: 60ms -->
        <step title="Updating submodules" date="2025-12-13T12:29:45.344" /><!-- duration: 1111ms -->
        <step title="Determining deployment builder" date="2025-12-13T12:29:46.651" >
          <step title="Builder is CustomBuilder" date="2025-12-13T12:29:46.653" /><!-- duration: 4ms -->
        </step><!-- duration: 9ms -->
        <step title="PreDeployment: context.CleanOutputPath False" date="2025-12-13T12:29:46.690" >
          <step title="PreDeployment: context.OutputPath /home/site/wwwroot" date="2025-12-13T12:29:46.793" >
            <step title="Building" date="2025-12-13T12:29:46.877" >
              <step title="Executing external process" date="2025-12-13T12:29:47.140" type="process" path="starter.sh" arguments="bash deploy.sh" /><!-- duration: 6491ms -->
              <step title="Triggering recycle (preview mode disabled)." date="2025-12-13T12:29:53.833" /><!-- duration: 2ms -->
              <step title="Modified file to trigger a restart of the app container." date="2025-12-13T12:29:53.853" /><!-- duration: 1ms -->
              <step title="Skip function trigger and logicapp sync because function is not enabled." date="2025-12-13T12:29:53.856" /><!-- duration: 1ms -->
            </step><!-- duration: 7764ms -->
          </step><!-- duration: 7867ms -->
          <step title="Cleaning up temp files" date="2025-12-13T12:29:54.671" /><!-- duration: 9ms -->
          <step title="Cleaning up temp files" date="2025-12-13T12:29:54.699" /><!-- duration: 514ms -->
          <step title="Reloading status file with latest updates" date="2025-12-13T12:29:55.265" >
            <step title="WebHooksManager.PublishEventAsync: PostDeployment" date="2025-12-13T12:29:55.266" /><!-- duration: 22ms -->
          </step><!-- duration: 25ms -->
          <step title="Cleaning up temporary deployment - fetch deployment was successful" date="2025-12-13T12:29:55.294" /><!-- duration: 2ms -->
        </step><!-- duration: 8674ms -->
      </step><!-- duration: 10160ms -->
