<step title="Incoming Request" date="2025-12-13T14:16:53.690" instance="d8ce03" url="/api/deployments/latest?deployer=GITHUB_ZIP_DEPLOY&amp;time=2025-12-13_14-15-58Z" method="GET" type="request" pid="768,1,17" Host="cinewave.scm.azurewebsites.net" User-Agent="GITHUBACTIONS_DeployWebAppToAzure_be248fa6b670439a91131d8c78d4b93875bac242bafab9c4e3b97bc48d7d5ee7" Authorization="Bas..." Content-Type="application/json; charset=utf-8" Cookie="ARRAffinity=d8ce030d10a8488f5af05adb44862a92568cc382a56095090ac9f1a788fb1dff;Path=/;HttpOnly;Secure;Domain=cinewave.scm.azurewebsites.net; ARRAffinitySameSite=d8ce030d10a8488f5af05adb44862a92568cc382a56095090ac9f1a788fb1dff;Path=/;HttpOnly;SameSite=None;Secure;Domain=cinewave.scm.azurewebsites.net" Content-Length="0" X-ARR-LOG-ID="8ea5ed2c-a7da-4319-a757-054e3386007b" CLIENT-IP="57.151.138.242:17425" X-SITE-DEPLOYMENT-ID="CineWave" WAS-DEFAULT-HOSTNAME="cinewave.scm.azurewebsites.net" X-Forwarded-Proto="https" X-AppService-Proto="https" X-Forwarded-TlsVersion="1.3" X-WAWS-Unencoded-URL="/api/deployments/latest?deployer=GITHUB_ZIP_DEPLOY&amp;time=2025-12-13_14-15-58Z" X-Client-IP="57.151.138.242" X-Client-Port="17425" >
  <step title="Cleanup Xml Logs" date="2025-12-13T14:16:53.691" >
    <step title="Cleanup Infos" date="2025-12-13T14:16:53.701" totalFiles="427" totalCleanup="267" /><!-- duration: 2ms -->
  </step><!-- duration: 14ms -->
  <step title="DeploymentService.GetResult" date="2025-12-13T14:16:53.711" >
    <step title="DeploymentService.GetLatestDeployment" date="2025-12-13T14:16:53.713" >
      <step title="DeploymentManager.GetResults" date="2025-12-13T14:16:53.715" /><!-- duration: 423ms -->
    </step><!-- duration: 426ms -->
  </step><!-- duration: 431ms -->
  <step title="Outgoing response" date="2025-12-13T14:16:54.144" type="response" statusCode="202" statusText="Accepted" /><!-- duration: 5ms -->
</step><!-- duration: 461ms -->
