<step title="Incoming Request" date="2025-12-13T13:12:45.732" instance="d8ce03" url="/api/zipdeploy?isAsync=true&amp;deployer=GITHUB_ZIP_DEPLOY&amp;message=%7B%22type%22%3A%22deployment%22%2C%22sha%22%3A%2250bc0a56d5c9bee84a6e821e1ad5cd02cf775e4e%22%2C%22repoName%22%3A%22Kiryzsuuu%2FCineWave%22%2C%22actor%22%3A%22Kiryzsuuu%22%2C%22slotName%22%3A%22production%22%2C%22commitMessage%22%3A%22Add%20htaccess%20and%20test%20file%20for%20debugging%22%7D" method="POST" type="request" pid="768,1,23" Host="cinewave.scm.azurewebsites.net" User-Agent="GITHUBACTIONS_DeployWebAppToAzure_be248fa6b670439a91131d8c78d4b93875bac242bafab9c4e3b97bc48d7d5ee7" Authorization="Bas..." Content-Type="application/octet-stream" Cookie="ARRAffinity=d8ce030d10a8488f5af05adb44862a92568cc382a56095090ac9f1a788fb1dff;Path=/;HttpOnly;Secure;Domain=cinewave.scm.azurewebsites.net; ARRAffinitySameSite=d8ce030d10a8488f5af05adb44862a92568cc382a56095090ac9f1a788fb1dff;Path=/;HttpOnly;SameSite=None;Secure;Domain=cinewave.scm.azurewebsites.net" Transfer-Encoding="chunked" X-ARR-LOG-ID="d690d0b2-6f28-47b5-975c-4f25b0511db0" CLIENT-IP="68.220.58.144:21441" X-SITE-DEPLOYMENT-ID="CineWave" WAS-DEFAULT-HOSTNAME="cinewave.scm.azurewebsites.net" X-Forwarded-Proto="https" X-AppService-Proto="https" X-Forwarded-TlsVersion="1.3" X-WAWS-Unencoded-URL="/api/zipdeploy?isAsync=true&amp;deployer=GITHUB_ZIP_DEPLOY&amp;message=%7B%22type%22%3A%22deployment%22%2C%22sha%22%3A%2250bc0a56d5c9bee84a6e821e1ad5cd02cf775e4e%22%2C%22repoName%22%3A%22Kiryzsuuu%2FCineWave%22%2C%22actor%22%3A%22Kiryzsuuu%22%2C%22slotName%22%3A%22production%22%2C%22commitMessage%22%3A%22Add%20htaccess%20and%20test%20file%20for%20debugging%22%7D" X-Client-IP="68.220.58.144" X-Client-Port="21441" >
  <step title="Cleanup Xml Logs" date="2025-12-13T13:12:45.733" /><!-- duration: 18ms -->
  <step title="ZipPushDeploy" date="2025-12-13T13:12:45.770" >
    <step title="ZipDeploy. Extract zip. Remote build." date="2025-12-13T13:12:45.772" /><!-- duration: 1ms -->
    <step title="None repository commit" date="2025-12-13T13:12:45.782" >
      <step title="Commit id: 0b746022-cc36-4915-bc5b-8de7e60aefd1" date="2025-12-13T13:12:45.790" Message="N/A" AuthorName="N/A" AuthorEmail="N/A" /><!-- duration: 2ms -->
    </step><!-- duration: 18ms -->
    <step title="Starting PushDeployAsync" date="2025-12-13T13:12:45.801" /><!-- duration: 1ms -->
    <step title="Writing artifact to /tmp/zipdeploy/14d9340f-a0ed-4bd5-ad97-fdcfcb6441a6.zip" date="2025-12-13T13:12:45.811" >
      <step title="Writing multipart request body to /tmp/zipdeploy/14d9340f-a0ed-4bd5-ad97-fdcfcb6441a6.zip" date="2025-12-13T13:12:45.820" /><!-- duration: 12ms -->
    </step><!-- duration: 5697ms -->
    <step title="None repository commit" date="2025-12-13T13:12:51.546" >
      <step title="Commit id: 0b746022-cc36-4915-bc5b-8de7e60aefd1" date="2025-12-13T13:12:51.557" Message="N/A" AuthorName="N/A" AuthorEmail="N/A" /><!-- duration: 9ms -->
    </step><!-- duration: 31ms -->
    <step title="Start deployment in the background" date="2025-12-13T13:12:51.579" >
      <step title="None repository commit" date="2025-12-13T13:12:51.617" >
        <step title="Commit id: 0b746022-cc36-4915-bc5b-8de7e60aefd1" date="2025-12-13T13:12:51.626" Message="N/A" AuthorName="N/A" AuthorEmail="N/A" /><!-- duration: 2ms -->
      </step><!-- duration: 19ms -->
      <step title="Acquiring Deployment Lock" date="2025-12-13T13:12:51.638" /><!-- duration: 2ms -->
      <step title="Cannot Acquire Deployment Lock already held" date="2025-12-13T13:12:51.650" /><!-- duration: 7ms -->
    </step><!-- duration: 157ms -->
    <step title="There is a deployment currently in progress. Please try again when it completes." date="2025-12-13T13:12:51.739" /><!-- duration: 19ms -->
  </step><!-- duration: 6008ms -->
  <step title="Outgoing response" date="2025-12-13T13:12:51.796" type="response" statusCode="409" statusText="Conflict" /><!-- duration: 2ms -->
</step><!-- duration: 6086ms -->
