<step title="Incoming Request" date="2025-12-13T14:14:37.730" instance="d8ce03" url="/deploy?scmType=ExternalGit&amp;isAsync=true" method="POST" type="request" pid="767,1,15" Host="cinewave.scm.azurewebsites.net" User-Agent="Azure-WebSites-Controller/106.0.7.121" Authorization="Bas..." Expect="100-continue" Content-Length="81" x-ms-request-id="e7d741f5-d60d-452c-ad1d-83e47e8b8a78" X-ARR-LOG-ID="e7d741f5-d60d-452c-ad1d-83e47e8b8a78" CLIENT-IP="70.153.161.0:8729" X-SITE-DEPLOYMENT-ID="CineWave" WAS-DEFAULT-HOSTNAME="cinewave.scm.azurewebsites.net" X-MS-PLATFORM-INTERNAL="True" X-Forwarded-Proto="https" X-AppService-Proto="https" X-Forwarded-TlsVersion="1.3" X-WAWS-Unencoded-URL="/deploy?scmType=ExternalGit&amp;isAsync=true" X-Client-IP="70.153.161.0" X-Client-Port="8729" >
  <step title="Cleanup Xml Logs" date="2025-12-13T14:14:37.749" >
    <step title="Cleanup Infos" date="2025-12-13T14:14:37.858" totalFiles="414" totalCleanup="254" /><!-- duration: 10ms -->
  </step><!-- duration: 129ms -->
  <step title="FetchHandler" date="2025-12-13T14:14:38.071" >
    <step title="Executing external process" date="2025-12-13T14:14:38.373" type="process" path="git" arguments="rev-parse --git-dir" /><!-- duration: 519ms -->
    <step title="Executing external process" date="2025-12-13T14:14:39.031" type="process" path="git" arguments="rev-parse --git-dir" /><!-- duration: 30ms -->
    <step title="Executing external process" date="2025-12-13T14:14:39.071" type="process" path="git" arguments="log -n 1 master --" >
      <step title="Process dump" date="2025-12-13T14:14:39.152" exitCode="128" type="processOutput" /><!-- duration: 2ms -->
    </step><!-- duration: 109ms -->
    <step title="Start deployment in the background" date="2025-12-13T14:14:39.232" >
      <step title="Executing external process" date="2025-12-13T14:14:39.264" type="process" path="git" arguments="rev-parse --git-dir" /><!-- duration: 151ms -->
      <step title="Executing external process" date="2025-12-13T14:14:39.454" type="process" path="git" arguments="rev-parse --git-dir" /><!-- duration: 50ms -->
      <step title="Executing external process" date="2025-12-13T14:14:39.525" type="process" path="git" arguments="log -n 1 master --" >
        <step title="Process dump" date="2025-12-13T14:14:39.584" exitCode="128" type="processOutput" /><!-- duration: 9ms -->
      </step><!-- duration: 78ms -->
      <step title="Acquiring Deployment Lock" date="2025-12-13T14:14:39.605" /><!-- duration: 37ms -->
      <step title="Acquired Deployment Lock" date="2025-12-13T14:14:39.762" /><!-- duration: 10ms -->
    </step><!-- duration: 1163ms -->
  </step><!-- duration: 2343ms -->
  <step title="Outgoing response" date="2025-12-13T14:14:40.426" type="response" statusCode="202" statusText="Accepted" /><!-- duration: 9ms -->
</step><!-- duration: 2708ms -->
