<step title="Incoming Request" date="2025-12-13T14:17:49.635" instance="d8ce03" url="/api/deployments/latest?deployer=GITHUB_ZIP_DEPLOY&amp;time=2025-12-13_14-15-58Z" method="GET" type="request" pid="768,1,16" Host="cinewave.scm.azurewebsites.net" User-Agent="GITHUBACTIONS_DeployWebAppToAzure_be248fa6b670439a91131d8c78d4b93875bac242bafab9c4e3b97bc48d7d5ee7" Authorization="Bas..." Content-Type="application/json; charset=utf-8" Cookie="ARRAffinity=d8ce030d10a8488f5af05adb44862a92568cc382a56095090ac9f1a788fb1dff;Path=/;HttpOnly;Secure;Domain=cinewave.scm.azurewebsites.net; ARRAffinitySameSite=d8ce030d10a8488f5af05adb44862a92568cc382a56095090ac9f1a788fb1dff;Path=/;HttpOnly;SameSite=None;Secure;Domain=cinewave.scm.azurewebsites.net" Content-Length="0" X-ARR-LOG-ID="0fd00695-5974-4adc-bd37-39dd0824fa3c" CLIENT-IP="57.151.138.242:17432" X-SITE-DEPLOYMENT-ID="CineWave" WAS-DEFAULT-HOSTNAME="cinewave.scm.azurewebsites.net" X-Forwarded-Proto="https" X-AppService-Proto="https" X-Forwarded-TlsVersion="1.3" X-WAWS-Unencoded-URL="/api/deployments/latest?deployer=GITHUB_ZIP_DEPLOY&amp;time=2025-12-13_14-15-58Z" X-Client-IP="57.151.138.242" X-Client-Port="17432" >
  <step title="Cleanup Xml Logs" date="2025-12-13T14:17:49.636" >
    <step title="Cleanup Infos" date="2025-12-13T14:17:49.646" totalFiles="435" totalCleanup="275" /><!-- duration: 8ms -->
  </step><!-- duration: 20ms -->
  <step title="DeploymentService.GetResult" date="2025-12-13T14:17:49.667" >
    <step title="DeploymentService.GetLatestDeployment" date="2025-12-13T14:17:49.677" >
      <step title="DeploymentManager.GetResults" date="2025-12-13T14:17:49.686" /><!-- duration: 563ms -->
    </step><!-- duration: 582ms -->
  </step><!-- duration: 621ms -->
  <step title="Outgoing response" date="2025-12-13T14:17:50.290" type="response" statusCode="202" statusText="Accepted" /><!-- duration: 20ms -->
</step><!-- duration: 684ms -->
