<step title="Incoming Request" date="2025-12-13T14:08:50.511" instance="d8ce03" url="/deploy?scmType=ExternalGit&amp;isAsync=true" method="POST" type="request" pid="775,1,7" Host="cinewave.scm.azurewebsites.net" User-Agent="Azure-WebSites-Controller/106.0.7.121" Authorization="Bas..." Expect="100-continue" Content-Length="81" x-ms-request-id="b979a7c8-c4af-400d-8eed-fcdd287e0915" X-ARR-LOG-ID="b979a7c8-c4af-400d-8eed-fcdd287e0915" CLIENT-IP="70.153.161.0:7184" X-SITE-DEPLOYMENT-ID="CineWave" WAS-DEFAULT-HOSTNAME="cinewave.scm.azurewebsites.net" X-MS-PLATFORM-INTERNAL="True" X-Forwarded-Proto="https" X-AppService-Proto="https" X-Forwarded-TlsVersion="1.3" X-WAWS-Unencoded-URL="/deploy?scmType=ExternalGit&amp;isAsync=true" X-Client-IP="70.153.161.0" X-Client-Port="7184" >
  <step title="Cleanup Xml Logs" date="2025-12-13T14:08:50.569" >
    <step title="Cleanup Infos" date="2025-12-13T14:08:50.660" totalFiles="398" totalCleanup="238" /><!-- duration: 23ms -->
  </step><!-- duration: 144ms -->
  <step title="FetchHandler" date="2025-12-13T14:08:50.973" >
    <step title="Executing external process" date="2025-12-13T14:08:51.394" type="process" path="git" arguments="rev-parse --git-dir" /><!-- duration: 292ms -->
    <step title="Executing external process" date="2025-12-13T14:08:51.707" type="process" path="git" arguments="rev-parse --git-dir" /><!-- duration: 121ms -->
    <step title="Executing external process" date="2025-12-13T14:08:51.847" type="process" path="git" arguments="log -n 1 master --" >
      <step title="Process dump" date="2025-12-13T14:08:52.038" exitCode="128" type="processOutput" /><!-- duration: 28ms -->
    </step><!-- duration: 237ms -->
    <step title="Start deployment in the background" date="2025-12-13T14:08:52.117" >
      <step title="Executing external process" date="2025-12-13T14:08:52.226" type="process" path="git" arguments="rev-parse --git-dir" /><!-- duration: 30ms -->
      <step title="Executing external process" date="2025-12-13T14:08:52.258" type="process" path="git" arguments="rev-parse --git-dir" /><!-- duration: 20ms -->
      <step title="Executing external process" date="2025-12-13T14:08:52.286" type="process" path="git" arguments="log -n 1 master --" >
        <step title="Process dump" date="2025-12-13T14:08:52.308" exitCode="128" type="processOutput" /><!-- duration: 7ms -->
      </step><!-- duration: 31ms -->
      <step title="Acquiring Deployment Lock" date="2025-12-13T14:08:52.319" /><!-- duration: 9ms -->
      <step title="Acquired Deployment Lock" date="2025-12-13T14:08:52.428" /><!-- duration: 48ms -->
    </step><!-- duration: 712ms -->
  </step><!-- duration: 1877ms -->
  <step title="Outgoing response" date="2025-12-13T14:08:52.859" type="response" statusCode="202" statusText="Accepted" /><!-- duration: 1ms -->
</step><!-- duration: 2358ms -->
