<step title="Incoming Request" date="2025-12-13T13:15:21.850" instance="d8ce03" url="/api/zipdeploy?isAsync=true" method="POST" type="request" pid="768,1,17" Accept="*/*" Host="cinewave.scm.azurewebsites.net" User-Agent="AZURECLI/2.80.0 (MSI)" Accept-Encoding="gzip, deflate" Authorization="Bas..." Cache-Control="no-cache" Content-Type="application/octet-stream" Content-Length="47275711" x-ms-client-request-id="c3649459-d825-11f0-98f9-9c6b00385cf4" x-ms-artifact-checksum="882a3b50b9ea2d7e39f191b47e9505c44f9f7e0942b2c27b99e7e218f19bb79b" X-ARR-LOG-ID="c3649459-d825-11f0-98f9-9c6b00385cf4" CLIENT-IP="36.70.87.167:49398" X-SITE-DEPLOYMENT-ID="CineWave" WAS-DEFAULT-HOSTNAME="cinewave.scm.azurewebsites.net" X-Forwarded-Proto="https" X-AppService-Proto="https" X-Forwarded-TlsVersion="1.3" X-WAWS-Unencoded-URL="/api/zipdeploy?isAsync=true" X-Client-IP="36.70.87.167" X-Client-Port="49398" >
  <step title="Cleanup Xml Logs" date="2025-12-13T13:15:21.853" >
    <step title="Cleanup Infos" date="2025-12-13T13:15:21.860" totalFiles="208" totalCleanup="48" /><!-- duration: 3ms -->
  </step><!-- duration: 13ms -->
  <step title="ZipPushDeploy" date="2025-12-13T13:15:21.879" >
    <step title="ZipDeploy. Extract zip. Remote build." date="2025-12-13T13:15:21.884" /><!-- duration: 9ms -->
    <step title="None repository commit" date="2025-12-13T13:15:21.896" >
      <step title="Commit id: 4a35ccde-014a-4107-98f9-7267f2993a22" date="2025-12-13T13:15:21.902" Message="N/A" AuthorName="N/A" AuthorEmail="N/A" /><!-- duration: 3ms -->
    </step><!-- duration: 11ms -->
    <step title="Starting PushDeployAsync" date="2025-12-13T13:15:21.909" /><!-- duration: 2ms -->
    <step title="Writing artifact to /tmp/zipdeploy/8af14821-df8c-4660-ac3b-7096e24f9af5.zip" date="2025-12-13T13:15:21.915" >
      <step title="Writing multipart request body to /tmp/zipdeploy/8af14821-df8c-4660-ac3b-7096e24f9af5.zip" date="2025-12-13T13:15:21.917" /><!-- duration: 17ms -->
    </step><!-- duration: 39827ms -->
    <step title="Removing previous build artifact&apos;s manifest file" date="2025-12-13T13:16:01.753" >
      <step title="None repository commit" date="2025-12-13T13:16:01.759" >
        <step title="Commit id: 4a35ccde-014a-4107-98f9-7267f2993a22" date="2025-12-13T13:16:01.763" Message="N/A" AuthorName="N/A" AuthorEmail="N/A" /><!-- duration: 1ms -->
      </step><!-- duration: 8ms -->
      <step title="Start deployment in the background" date="2025-12-13T13:16:01.769" >
        <step title="None repository commit" date="2025-12-13T13:16:01.789" >
          <step title="Commit id: 4a35ccde-014a-4107-98f9-7267f2993a22" date="2025-12-13T13:16:01.790" Message="N/A" AuthorName="N/A" AuthorEmail="N/A" /><!-- duration: 2ms -->
        </step><!-- duration: 5ms -->
        <step title="Acquiring Deployment Lock" date="2025-12-13T13:16:01.795" /><!-- duration: 1ms -->
        <step title="Acquired Deployment Lock" date="2025-12-13T13:16:01.818" /><!-- duration: 2ms -->
      </step><!-- duration: 101ms -->
    </step><!-- duration: 121ms -->
    <step title="Outgoing response" date="2025-12-13T13:16:01.877" type="response" statusCode="202" statusText="Accepted" /><!-- duration: 2ms -->
  </step><!-- duration: 40002ms -->
