<step title="Incoming Request" date="2025-12-13T13:34:40.528" instance="d8ce03" url="/deploy?scmType=ExternalGit&amp;isAsync=true" method="POST" type="request" pid="770,1,19" Host="cinewave.scm.azurewebsites.net" User-Agent="Azure-WebSites-Controller/106.0.7.121" Authorization="Bas..." Expect="100-continue" Content-Length="81" x-ms-request-id="49d9cefb-771c-41bf-afaf-b56d2661a38a" X-ARR-LOG-ID="49d9cefb-771c-41bf-afaf-b56d2661a38a" CLIENT-IP="70.153.161.0:7184" X-SITE-DEPLOYMENT-ID="CineWave" WAS-DEFAULT-HOSTNAME="cinewave.scm.azurewebsites.net" X-MS-PLATFORM-INTERNAL="True" X-Forwarded-Proto="https" X-AppService-Proto="https" X-Forwarded-TlsVersion="1.3" X-WAWS-Unencoded-URL="/deploy?scmType=ExternalGit&amp;isAsync=true" X-Client-IP="70.153.161.0" X-Client-Port="7184" >
  <step title="Cleanup Xml Logs" date="2025-12-13T13:34:40.530" >
    <step title="Cleanup Infos" date="2025-12-13T13:34:40.539" totalFiles="287" totalCleanup="127" /><!-- duration: 2ms -->
  </step><!-- duration: 20ms -->
  <step title="FetchHandler" date="2025-12-13T13:34:40.577" >
    <step title="Executing external process" date="2025-12-13T13:34:40.611" type="process" path="git" arguments="rev-parse --git-dir" /><!-- duration: 27ms -->
    <step title="Executing external process" date="2025-12-13T13:34:40.641" type="process" path="git" arguments="rev-parse --git-dir" /><!-- duration: 27ms -->
    <step title="Executing external process" date="2025-12-13T13:34:40.670" type="process" path="git" arguments="log -n 1 master --" >
      <step title="Process dump" date="2025-12-13T13:34:40.694" exitCode="128" type="processOutput" /><!-- duration: 4ms -->
    </step><!-- duration: 29ms -->
    <step title="Start deployment in the background" date="2025-12-13T13:34:40.702" >
      <step title="Executing external process" date="2025-12-13T13:34:40.711" type="process" path="git" arguments="rev-parse --git-dir" /><!-- duration: 17ms -->
      <step title="Executing external process" date="2025-12-13T13:34:40.731" type="process" path="git" arguments="rev-parse --git-dir" /><!-- duration: 17ms -->
      <step title="Executing external process" date="2025-12-13T13:34:40.750" type="process" path="git" arguments="log -n 1 master --" >
        <step title="Process dump" date="2025-12-13T13:34:40.769" exitCode="128" type="processOutput" /><!-- duration: 4ms -->
      </step><!-- duration: 24ms -->
      <step title="Acquiring Deployment Lock" date="2025-12-13T13:34:40.776" /><!-- duration: 1ms -->
      <step title="Acquired Deployment Lock" date="2025-12-13T13:34:40.800" /><!-- duration: 1ms -->
    </step><!-- duration: 132ms -->
  </step><!-- duration: 258ms -->
  <step title="Outgoing response" date="2025-12-13T13:34:40.837" type="response" statusCode="202" statusText="Accepted" /><!-- duration: 2ms -->
</step><!-- duration: 312ms -->
