<step title="Incoming Request" date="2025-12-13T14:22:41.744" instance="d8ce03" url="/api/deployments/latest?deployer=GITHUB_ZIP_DEPLOY&amp;time=2025-12-13_14-20-28Z" method="GET" type="request" pid="768,1,17" Host="cinewave.scm.azurewebsites.net" User-Agent="GITHUBACTIONS_DeployWebAppToAzure_be248fa6b670439a91131d8c78d4b93875bac242bafab9c4e3b97bc48d7d5ee7" Authorization="Bas..." Content-Type="application/json; charset=utf-8" Cookie="ARRAffinity=d8ce030d10a8488f5af05adb44862a92568cc382a56095090ac9f1a788fb1dff;Path=/;HttpOnly;Secure;Domain=cinewave.scm.azurewebsites.net; ARRAffinitySameSite=d8ce030d10a8488f5af05adb44862a92568cc382a56095090ac9f1a788fb1dff;Path=/;HttpOnly;SameSite=None;Secure;Domain=cinewave.scm.azurewebsites.net" Content-Length="0" X-ARR-LOG-ID="2a7c636b-f6ad-4e95-9b4a-0bda06060921" CLIENT-IP="52.234.41.66:33808" X-SITE-DEPLOYMENT-ID="CineWave" WAS-DEFAULT-HOSTNAME="cinewave.scm.azurewebsites.net" X-Forwarded-Proto="https" X-AppService-Proto="https" X-Forwarded-TlsVersion="1.3" X-WAWS-Unencoded-URL="/api/deployments/latest?deployer=GITHUB_ZIP_DEPLOY&amp;time=2025-12-13_14-20-28Z" X-Client-IP="52.234.41.66" X-Client-Port="33808" >
  <step title="Cleanup Xml Logs" date="2025-12-13T14:22:41.746" >
    <step title="Cleanup Infos" date="2025-12-13T14:22:41.914" totalFiles="487" totalCleanup="327" /><!-- duration: 32ms -->
  </step><!-- duration: 221ms -->
  <step title="DeploymentService.GetResult" date="2025-12-13T14:22:42.047" >
    <step title="DeploymentService.GetLatestDeployment" date="2025-12-13T14:22:42.085" >
      <step title="DeploymentManager.GetResults" date="2025-12-13T14:22:42.088" /><!-- duration: 602ms -->
    </step><!-- duration: 684ms -->
  </step><!-- duration: 763ms -->
  <step title="Outgoing response" date="2025-12-13T14:22:42.899" type="response" statusCode="202" statusText="Accepted" /><!-- duration: 42ms -->
</step><!-- duration: 1236ms -->
