<step title="Incoming Request" date="2025-12-13T14:01:06.000" instance="d8ce03" url="/api/deployments/latest?deployer=GITHUB_ZIP_DEPLOY&amp;time=2025-12-13_14-00-09Z" method="GET" type="request" pid="770,1,17" Host="cinewave.scm.azurewebsites.net" User-Agent="GITHUBACTIONS_DeployWebAppToAzure_be248fa6b670439a91131d8c78d4b93875bac242bafab9c4e3b97bc48d7d5ee7" Authorization="Bas..." Content-Type="application/json; charset=utf-8" Cookie="ARRAffinity=d8ce030d10a8488f5af05adb44862a92568cc382a56095090ac9f1a788fb1dff;Path=/;HttpOnly;Secure;Domain=cinewave.scm.azurewebsites.net; ARRAffinitySameSite=d8ce030d10a8488f5af05adb44862a92568cc382a56095090ac9f1a788fb1dff;Path=/;HttpOnly;SameSite=None;Secure;Domain=cinewave.scm.azurewebsites.net" Content-Length="0" X-ARR-LOG-ID="d0cfa306-09c5-451b-be62-8efecade982d" CLIENT-IP="13.83.166.226:34817" X-SITE-DEPLOYMENT-ID="CineWave" WAS-DEFAULT-HOSTNAME="cinewave.scm.azurewebsites.net" X-Forwarded-Proto="https" X-AppService-Proto="https" X-Forwarded-TlsVersion="1.3" X-WAWS-Unencoded-URL="/api/deployments/latest?deployer=GITHUB_ZIP_DEPLOY&amp;time=2025-12-13_14-00-09Z" X-Client-IP="13.83.166.226" X-Client-Port="34817" >
  <step title="Cleanup Xml Logs" date="2025-12-13T14:01:06.149" >
    <step title="Cleanup Infos" date="2025-12-13T14:01:06.241" totalFiles="355" totalCleanup="195" /><!-- duration: 252ms -->
  </step><!-- duration: 363ms -->
  <step title="DeploymentService.GetResult" date="2025-12-13T14:01:06.975" >
    <step title="DeploymentService.GetLatestDeployment" date="2025-12-13T14:01:07.006" >
      <step title="DeploymentManager.GetResults" date="2025-12-13T14:01:07.023" /><!-- duration: 3305ms -->
    </step><!-- duration: 3416ms -->
  </step><!-- duration: 3546ms -->
  <step title="Outgoing response" date="2025-12-13T14:01:10.592" type="response" statusCode="202" statusText="Accepted" /><!-- duration: 10ms -->
</step><!-- duration: 4642ms -->
