<step title="Incoming Request" date="2025-12-13T12:20:24.585" instance="d8ce03" url="/api/publish?type=zip&amp;async=False" method="POST" type="request" pid="770,1,30" Accept="*/*" Host="cinewave.scm.azurewebsites.net" User-Agent="AZURECLI/2.80.0 (MSI)" Accept-Encoding="gzip, deflate" Authorization="Bas..." Cache-Control="no-cache" Content-Type="application/octet-stream" Cookie="ARRAffinity=d8ce030d10a8488f5af05adb44862a92568cc382a56095090ac9f1a788fb1dff; ARRAffinitySameSite=d8ce030d10a8488f5af05adb44862a92568cc382a56095090ac9f1a788fb1dff" Content-Length="27534286" x-ms-client-request-id="13efb998-d81e-11f0-9bdc-9c6b00385cf4" x-ms-artifact-checksum="3cd632142816c55658d6306bdfb6df56eb5671468a80efa6726c25d83e36be1b" X-ARR-LOG-ID="13efb998-d81e-11f0-9bdc-9c6b00385cf4" CLIENT-IP="36.70.87.167:50813" X-SITE-DEPLOYMENT-ID="CineWave" WAS-DEFAULT-HOSTNAME="cinewave.scm.azurewebsites.net" X-Forwarded-Proto="https" X-AppService-Proto="https" X-Forwarded-TlsVersion="1.3" X-WAWS-Unencoded-URL="/api/publish?type=zip&amp;async=False" X-Client-IP="36.70.87.167" X-Client-Port="50813" >
  <step title="OneDeploy" date="2025-12-13T12:20:24.611" >
    <step title="None repository commit" date="2025-12-13T12:20:24.628" >
      <step title="Commit id: af8fc86a-a594-4faa-814a-ab425ce86a4a" date="2025-12-13T12:20:24.639" Message="N/A" AuthorName="N/A" AuthorEmail="N/A" /><!-- duration: 1ms -->
    </step><!-- duration: 16ms -->
    <step title="Starting PushDeployAsync" date="2025-12-13T12:20:24.645" /><!-- duration: 1ms -->
    <step title="Writing artifact to /tmp/zipdeploy/86381c0c-a28e-4902-ac4e-ead8774b9a21.zip" date="2025-12-13T12:20:24.652" >
      <step title="Writing multipart request body to /tmp/zipdeploy/86381c0c-a28e-4902-ac4e-ead8774b9a21.zip" date="2025-12-13T12:20:24.658" /><!-- duration: 2ms -->
    </step><!-- duration: 39082ms -->
    <step title="None repository commit" date="2025-12-13T12:21:03.785" >
      <step title="Commit id: af8fc86a-a594-4faa-814a-ab425ce86a4a" date="2025-12-13T12:21:03.786" Message="N/A" AuthorName="N/A" AuthorEmail="N/A" /><!-- duration: 1ms -->
    </step><!-- duration: 4ms -->
    <step title="Attempting to fetch target branch HEAD" date="2025-12-13T12:21:03.794" /><!-- duration: 2ms -->
    <step title="Acquiring Deployment Lock" date="2025-12-13T12:21:03.804" /><!-- duration: 2ms -->
    <step title="Acquired Deployment Lock" date="2025-12-13T12:21:03.836" /><!-- duration: 1ms -->
    <step title="None repository commit" date="2025-12-13T12:21:03.841" >
      <step title="Commit id: af8fc86a-a594-4faa-814a-ab425ce86a4a" date="2025-12-13T12:21:03.842" Message="N/A" AuthorName="N/A" AuthorEmail="N/A" /><!-- duration: 1ms -->
    </step><!-- duration: 4ms -->
    <step title="Performing fetch based deployment" date="2025-12-13T12:21:03.847" >
      <step title="Creating temporary deployment" date="2025-12-13T12:21:03.849" /><!-- duration: 116ms -->
      <step title="Releasing Deployment Lock" date="2025-12-13T12:21:05.061" /><!-- duration: 2ms -->
      <step title="Cleaning up temp folders from previous zip deployments and extracting pushed zip file /tmp/zipdeploy/86381c0c-a28e-4902-ac4e-ead8774b9a21.zip (26.26 MB) to /tmp/zipdeploy/extracted" date="2025-12-13T12:21:05.087" >
        <step title="ChmodRecursive Process exited with total time taken in ms: 520" date="2025-12-13T12:21:16.753" /><!-- duration: 30ms -->
      </step><!-- duration: 11699ms -->
      <step title="None repository commit" date="2025-12-13T12:21:16.794" >
        <step title="Commit id: af8fc86a-a594-4faa-814a-ab425ce86a4a" date="2025-12-13T12:21:16.795" Message="OneDeploy" AuthorName="N/A" AuthorEmail="N/A" /><!-- duration: 1ms -->
      </step><!-- duration: 4ms -->
      <step title="None repository commit" date="2025-12-13T12:21:18.800" >
        <step title="Commit id: af8fc86a-a594-4faa-814a-ab425ce86a4a" date="2025-12-13T12:21:18.803" Message="N/A" AuthorName="N/A" AuthorEmail="N/A" /><!-- duration: 1ms -->
      </step><!-- duration: 6ms -->
      <step title="Deployment timer started" date="2025-12-13T12:21:18.810" >
        <step title="DeploymentManager.Deploy(id:af8fc86a-a594-4faa-814a-ab425ce86a4a)" date="2025-12-13T12:21:18.813" >
          <step title="Collecting changeset information" date="2025-12-13T12:21:18.854" /><!-- duration: 82ms -->
          <step title="Updating submodules" date="2025-12-13T12:21:18.940" /><!-- duration: 1114ms -->
          <step title="Determining deployment builder" date="2025-12-13T12:21:20.223" >
            <step title="Builder is OneDeployBuilder" date="2025-12-13T12:21:20.225" /><!-- duration: 16ms -->
          </step><!-- duration: 30ms -->
          <step title="PreDeployment: context.CleanOutputPath False" date="2025-12-13T12:21:20.325" >
            <step title="PreDeployment: context.OutputPath /home/site/wwwroot" date="2025-12-13T12:21:20.473" >
              <step title="Building" date="2025-12-13T12:21:20.617" >
                <step title="Executing external process" date="2025-12-13T12:21:21.003" type="process" path="starter.sh" arguments="/opt/Kudu/Scripts/parallel_rsync.sh /tmp/zipdeploy/extracted /home/site/wwwroot 8 /tmp/ False False  " 