<step title="Incoming Request" date="2025-12-13T12:49:58.600" instance="d8ce03" url="/deploy?scmType=ExternalGit&amp;isAsync=true" method="POST" type="request" pid="772,1,15" Host="cinewave.scm.azurewebsites.net" User-Agent="Azure-WebSites-Controller/106.0.7.121" Authorization="Bas..." Expect="100-continue" Content-Length="77" x-ms-request-id="f6d1a19d-c041-4326-9b49-d7f9312a1752" X-ARR-LOG-ID="f6d1a19d-c041-4326-9b49-d7f9312a1752" CLIENT-IP="70.153.161.0:17472" X-SITE-DEPLOYMENT-ID="CineWave" WAS-DEFAULT-HOSTNAME="cinewave.scm.azurewebsites.net" X-MS-PLATFORM-INTERNAL="True" X-Forwarded-Proto="https" X-AppService-Proto="https" X-Forwarded-TlsVersion="1.3" X-WAWS-Unencoded-URL="/deploy?scmType=ExternalGit&amp;isAsync=true" X-Client-IP="70.153.161.0" X-Client-Port="17472" >
  <step title="Cleanup Xml Logs" date="2025-12-13T12:49:58.609" /><!-- duration: 91ms -->
  <step title="FetchHandler" date="2025-12-13T12:49:58.920" >
    <step title="Executing external process" date="2025-12-13T12:49:59.253" type="process" path="git" arguments="rev-parse --git-dir" /><!-- duration: 400ms -->
    <step title="Executing external process" date="2025-12-13T12:49:59.671" type="process" path="git" arguments="rev-parse --git-dir" /><!-- duration: 22ms -->
    <step title="Executing external process" date="2025-12-13T12:49:59.701" type="process" path="git" arguments="log -n 1 main --" /><!-- duration: 111ms -->
    <step title="Start deployment in the background" date="2025-12-13T12:49:59.833" >
      <step title="Executing external process" date="2025-12-13T12:49:59.943" type="process" path="git" arguments="rev-parse --git-dir" /><!-- duration: 243ms -->
      <step title="Executing external process" date="2025-12-13T12:50:00.214" type="process" path="git" arguments="rev-parse --git-dir" /><!-- duration: 40ms -->
      <step title="Executing external process" date="2025-12-13T12:50:00.317" type="process" path="git" arguments="log -n 1 main --" /><!-- duration: 130ms -->
      <step title="Acquiring Deployment Lock" date="2025-12-13T12:50:00.457" /><!-- duration: 68ms -->
      <step title="Acquired Deployment Lock" date="2025-12-13T12:50:00.798" /><!-- duration: 10ms -->
    </step><!-- duration: 1534ms -->
  </step><!-- duration: 2537ms -->
  <step title="Outgoing response" date="2025-12-13T12:50:01.498" type="response" statusCode="202" statusText="Accepted" /><!-- duration: 40ms -->
</step><!-- duration: 2987ms -->
