<step title="Incoming Request" date="2025-12-13T14:09:45.909" instance="d8ce03" url="/api/deployments/latest?deployer=GITHUB_ZIP_DEPLOY&amp;time=2025-12-13_14-09-38Z" method="GET" type="request" pid="775,1,7" Host="cinewave.scm.azurewebsites.net" User-Agent="GITHUBACTIONS_DeployWebAppToAzure_be248fa6b670439a91131d8c78d4b93875bac242bafab9c4e3b97bc48d7d5ee7" Authorization="Bas..." Content-Type="application/json; charset=utf-8" Cookie="ARRAffinity=d8ce030d10a8488f5af05adb44862a92568cc382a56095090ac9f1a788fb1dff;Path=/;HttpOnly;Secure;Domain=cinewave.scm.azurewebsites.net; ARRAffinitySameSite=d8ce030d10a8488f5af05adb44862a92568cc382a56095090ac9f1a788fb1dff;Path=/;HttpOnly;SameSite=None;Secure;Domain=cinewave.scm.azurewebsites.net" Content-Length="0" X-ARR-LOG-ID="21c57712-d8ac-4d46-a3e9-b2345d582cd7" CLIENT-IP="52.150.28.32:60416" X-SITE-DEPLOYMENT-ID="CineWave" WAS-DEFAULT-HOSTNAME="cinewave.scm.azurewebsites.net" X-Forwarded-Proto="https" X-AppService-Proto="https" X-Forwarded-TlsVersion="1.3" X-WAWS-Unencoded-URL="/api/deployments/latest?deployer=GITHUB_ZIP_DEPLOY&amp;time=2025-12-13_14-09-38Z" X-Client-IP="52.150.28.32" X-Client-Port="60416" >
  <step title="Cleanup Xml Logs" date="2025-12-13T14:09:45.969" >
    <step title="Cleanup Infos" date="2025-12-13T14:09:46.078" totalFiles="405" totalCleanup="245" /><!-- duration: 41ms -->
  </step><!-- duration: 212ms -->
  <step title="DeploymentService.GetResult" date="2025-12-13T14:09:46.212" >
    <step title="DeploymentService.GetLatestDeployment" date="2025-12-13T14:09:46.299" >
      <step title="DeploymentManager.GetResults" date="2025-12-13T14:09:46.301" /><!-- duration: 1087ms -->
    </step><!-- duration: 1200ms -->
  </step><!-- duration: 1306ms -->
  <step title="Outgoing response" date="2025-12-13T14:09:47.548" type="response" statusCode="202" statusText="Accepted" /><!-- duration: 19ms -->
</step><!-- duration: 1669ms -->
