<step title="Incoming Request" date="2025-12-13T13:13:23.076" instance="d8ce03" url="/api/zipdeploy?isAsync=true&amp;deployer=GITHUB_ZIP_DEPLOY&amp;message=%7B%22type%22%3A%22deployment%22%2C%22sha%22%3A%2250bc0a56d5c9bee84a6e821e1ad5cd02cf775e4e%22%2C%22repoName%22%3A%22Kiryzsuuu%2FCineWave%22%2C%22actor%22%3A%22Kiryzsuuu%22%2C%22slotName%22%3A%22production%22%2C%22commitMessage%22%3A%22Add%20htaccess%20and%20test%20file%20for%20debugging%22%7D" method="POST" type="request" pid="768,1,16" Host="cinewave.scm.azurewebsites.net" User-Agent="GITHUBACTIONS_DeployWebAppToAzure_be248fa6b670439a91131d8c78d4b93875bac242bafab9c4e3b97bc48d7d5ee7" Authorization="Bas..." Content-Type="application/octet-stream" Cookie="ARRAffinity=d8ce030d10a8488f5af05adb44862a92568cc382a56095090ac9f1a788fb1dff;Path=/;HttpOnly;Secure;Domain=cinewave.scm.azurewebsites.net; ARRAffinitySameSite=d8ce030d10a8488f5af05adb44862a92568cc382a56095090ac9f1a788fb1dff;Path=/;HttpOnly;SameSite=None;Secure;Domain=cinewave.scm.azurewebsites.net" Transfer-Encoding="chunked" X-ARR-LOG-ID="53c898c0-4be1-4af8-bab3-a41e07c5face" CLIENT-IP="68.220.58.144:21440" X-SITE-DEPLOYMENT-ID="CineWave" WAS-DEFAULT-HOSTNAME="cinewave.scm.azurewebsites.net" X-Forwarded-Proto="https" X-AppService-Proto="https" X-Forwarded-TlsVersion="1.3" X-WAWS-Unencoded-URL="/api/zipdeploy?isAsync=true&amp;deployer=GITHUB_ZIP_DEPLOY&amp;message=%7B%22type%22%3A%22deployment%22%2C%22sha%22%3A%2250bc0a56d5c9bee84a6e821e1ad5cd02cf775e4e%22%2C%22repoName%22%3A%22Kiryzsuuu%2FCineWave%22%2C%22actor%22%3A%22Kiryzsuuu%22%2C%22slotName%22%3A%22production%22%2C%22commitMessage%22%3A%22Add%20htaccess%20and%20test%20file%20for%20debugging%22%7D" X-Client-IP="68.220.58.144" X-Client-Port="21440" >
  <step title="Cleanup Xml Logs" date="2025-12-13T13:13:23.085" /><!-- duration: 12ms -->
  <step title="ZipPushDeploy" date="2025-12-13T13:13:23.111" >
    <step title="ZipDeploy. Extract zip. Remote build." date="2025-12-13T13:13:23.115" /><!-- duration: 11ms -->
    <step title="None repository commit" date="2025-12-13T13:13:23.159" >
      <step title="Commit id: ef56d1d4-e2bc-4df2-a206-ee25d51bf43d" date="2025-12-13T13:13:23.164" Message="N/A" AuthorName="N/A" AuthorEmail="N/A" /><!-- duration: 3ms -->
    </step><!-- duration: 20ms -->
    <step title="Starting PushDeployAsync" date="2025-12-13T13:13:23.181" /><!-- duration: 2ms -->
    <step title="Writing artifact to /tmp/zipdeploy/e5d880fd-7652-4c9b-a521-99df497a131d.zip" date="2025-12-13T13:13:23.191" >
      <step title="Writing multipart request body to /tmp/zipdeploy/e5d880fd-7652-4c9b-a521-99df497a131d.zip" date="2025-12-13T13:13:23.200" /><!-- duration: 10ms -->
    </step><!-- duration: 3142ms -->
    <step title="None repository commit" date="2025-12-13T13:13:26.532" >
      <step title="Commit id: ef56d1d4-e2bc-4df2-a206-ee25d51bf43d" date="2025-12-13T13:13:26.550" Message="N/A" AuthorName="N/A" AuthorEmail="N/A" /><!-- duration: 12ms -->
    </step><!-- duration: 60ms -->
    <step title="Start deployment in the background" date="2025-12-13T13:13:26.602" >
      <step title="None repository commit" date="2025-12-13T13:13:26.892" >
        <step title="Commit id: ef56d1d4-e2bc-4df2-a206-ee25d51bf43d" date="2025-12-13T13:13:26.921" Message="N/A" AuthorName="N/A" AuthorEmail="N/A" /><!-- duration: 10ms -->
      </step><!-- duration: 41ms -->
      <step title="Acquiring Deployment Lock" date="2025-12-13T13:13:26.951" /><!-- duration: 3ms -->
      <step title="Cannot Acquire Deployment Lock already held" date="2025-12-13T13:13:26.973" /><!-- duration: 1ms -->
    </step><!-- duration: 481ms -->
    <step title="There is a deployment currently in progress. Please try again when it completes." date="2025-12-13T13:13:27.092" /><!-- duration: 2ms -->
  </step><!-- duration: 4004ms -->
  <step title="Outgoing response" date="2025-12-13T13:13:27.144" type="response" statusCode="409" statusText="Conflict" /><!-- duration: 39ms -->
</step><!-- duration: 4168ms -->
