<step title="Incoming Request" date="2025-12-13T12:28:34.027" instance="d8ce03" url="/deploy?scmType=ExternalGit&amp;isAsync=true" method="POST" type="request" pid="770,1,7" Host="cinewave.scm.azurewebsites.net" User-Agent="Azure-WebSites-Controller/106.0.7.121" Authorization="Bas..." Expect="100-continue" Content-Length="77" x-ms-request-id="c7ef662f-f988-4212-911c-91e3c20ef434" X-ARR-LOG-ID="c7ef662f-f988-4212-911c-91e3c20ef434" CLIENT-IP="70.153.161.0:1544" X-SITE-DEPLOYMENT-ID="CineWave" WAS-DEFAULT-HOSTNAME="cinewave.scm.azurewebsites.net" X-MS-PLATFORM-INTERNAL="True" X-Forwarded-Proto="https" X-AppService-Proto="https" X-Forwarded-TlsVersion="1.3" X-WAWS-Unencoded-URL="/deploy?scmType=ExternalGit&amp;isAsync=true" X-Client-IP="70.153.161.0" X-Client-Port="1544" >
  <step title="FetchHandler" date="2025-12-13T12:28:34.068" >
    <step title="Executing external process" date="2025-12-13T12:28:34.239" type="process" path="git" arguments="rev-parse --git-dir" /><!-- duration: 219ms -->
    <step title="Executing external process" date="2025-12-13T12:28:34.478" type="process" path="git" arguments="rev-parse --git-dir" /><!-- duration: 21ms -->
    <step title="Executing external process" date="2025-12-13T12:28:34.501" type="process" path="git" arguments="log -n 1 main --" /><!-- duration: 71ms -->
    <step title="Start deployment in the background" date="2025-12-13T12:28:34.579" >
      <step title="Executing external process" date="2025-12-13T12:28:34.610" type="process" path="git" arguments="rev-parse --git-dir" /><!-- duration: 81ms -->
      <step title="Executing external process" date="2025-12-13T12:28:34.709" type="process" path="git" arguments="rev-parse --git-dir" /><!-- duration: 43ms -->
      <step title="Executing external process" date="2025-12-13T12:28:34.770" type="process" path="git" arguments="log -n 1 main --" /><!-- duration: 22ms -->
      <step title="Acquiring Deployment Lock" date="2025-12-13T12:28:34.801" /><!-- duration: 2ms -->
      <step title="Acquired Deployment Lock" date="2025-12-13T12:28:34.863" /><!-- duration: 2ms -->
    </step><!-- duration: 326ms -->
  </step><!-- duration: 855ms -->
  <step title="Outgoing response" date="2025-12-13T12:28:34.943" type="response" statusCode="202" statusText="Accepted" /><!-- duration: 2ms -->
</step><!-- duration: 923ms -->
