<step title="Incoming Request" date="2025-12-13T13:13:58.337" instance="d8ce03" url="/api/zipdeploy?isAsync=true&amp;deployer=GITHUB_ZIP_DEPLOY&amp;message=%7B%22type%22%3A%22deployment%22%2C%22sha%22%3A%2250bc0a56d5c9bee84a6e821e1ad5cd02cf775e4e%22%2C%22repoName%22%3A%22Kiryzsuuu%2FCineWave%22%2C%22actor%22%3A%22Kiryzsuuu%22%2C%22slotName%22%3A%22production%22%2C%22commitMessage%22%3A%22Add%20htaccess%20and%20test%20file%20for%20debugging%22%7D" method="POST" type="request" pid="768,1,16" Host="cinewave.scm.azurewebsites.net" User-Agent="GITHUBACTIONS_DeployWebAppToAzure_be248fa6b670439a91131d8c78d4b93875bac242bafab9c4e3b97bc48d7d5ee7" Authorization="Bas..." Content-Type="application/octet-stream" Cookie="ARRAffinity=d8ce030d10a8488f5af05adb44862a92568cc382a56095090ac9f1a788fb1dff;Path=/;HttpOnly;Secure;Domain=cinewave.scm.azurewebsites.net; ARRAffinitySameSite=d8ce030d10a8488f5af05adb44862a92568cc382a56095090ac9f1a788fb1dff;Path=/;HttpOnly;SameSite=None;Secure;Domain=cinewave.scm.azurewebsites.net" Transfer-Encoding="chunked" X-ARR-LOG-ID="cc9482fa-d50a-4875-ab33-b83cb1a4befe" CLIENT-IP="68.220.58.144:21440" X-SITE-DEPLOYMENT-ID="CineWave" WAS-DEFAULT-HOSTNAME="cinewave.scm.azurewebsites.net" X-Forwarded-Proto="https" X-AppService-Proto="https" X-Forwarded-TlsVersion="1.3" X-WAWS-Unencoded-URL="/api/zipdeploy?isAsync=true&amp;deployer=GITHUB_ZIP_DEPLOY&amp;message=%7B%22type%22%3A%22deployment%22%2C%22sha%22%3A%2250bc0a56d5c9bee84a6e821e1ad5cd02cf775e4e%22%2C%22repoName%22%3A%22Kiryzsuuu%2FCineWave%22%2C%22actor%22%3A%22Kiryzsuuu%22%2C%22slotName%22%3A%22production%22%2C%22commitMessage%22%3A%22Add%20htaccess%20and%20test%20file%20for%20debugging%22%7D" X-Client-IP="68.220.58.144" X-Client-Port="21440" >
  <step title="ZipPushDeploy" date="2025-12-13T13:13:58.386" >
    <step title="ZipDeploy. Extract zip. Remote build." date="2025-12-13T13:13:58.427" /><!-- duration: 69ms -->
    <step title="None repository commit" date="2025-12-13T13:13:58.536" >
      <step title="Commit id: 546b4d0f-3182-44fb-a204-c992241747d8" date="2025-12-13T13:13:58.565" Message="N/A" AuthorName="N/A" AuthorEmail="N/A" /><!-- duration: 2ms -->
    </step><!-- duration: 40ms -->
    <step title="Starting PushDeployAsync" date="2025-12-13T13:13:58.597" /><!-- duration: 19ms -->
    <step title="Writing artifact to /tmp/zipdeploy/24acda7c-81ed-4787-804a-d6487d8c95e5.zip" date="2025-12-13T13:13:58.637" >
      <step title="Writing multipart request body to /tmp/zipdeploy/24acda7c-81ed-4787-804a-d6487d8c95e5.zip" date="2025-12-13T13:13:58.647" /><!-- duration: 20ms -->
    </step><!-- duration: 3042ms -->
    <step title="None repository commit" date="2025-12-13T13:14:01.719" >
      <step title="Commit id: 546b4d0f-3182-44fb-a204-c992241747d8" date="2025-12-13T13:14:01.729" Message="N/A" AuthorName="N/A" AuthorEmail="N/A" /><!-- duration: 31ms -->
    </step><!-- duration: 73ms -->
    <step title="Start deployment in the background" date="2025-12-13T13:14:01.810" >
      <step title="None repository commit" date="2025-12-13T13:14:01.871" >
        <step title="Commit id: 546b4d0f-3182-44fb-a204-c992241747d8" date="2025-12-13T13:14:01.881" Message="N/A" AuthorName="N/A" AuthorEmail="N/A" /><!-- duration: 1ms -->
      </step><!-- duration: 20ms -->
      <step title="Acquiring Deployment Lock" date="2025-12-13T13:14:01.895" /><!-- duration: 5ms -->
      <step title="Cannot Acquire Deployment Lock already held" date="2025-12-13T13:14:01.921" /><!-- duration: 20ms -->
    </step><!-- duration: 171ms -->
    <step title="There is a deployment currently in progress. Please try again when it completes." date="2025-12-13T13:14:01.990" /><!-- duration: 2ms -->
  </step><!-- duration: 3609ms -->
  <step title="Outgoing response" date="2025-12-13T13:14:02.000" type="response" statusCode="409" statusText="Conflict" /><!-- duration: 2ms -->
</step><!-- duration: 3674ms -->
