<step title="Incoming Request" date="2025-12-13T14:19:21.355" instance="d8ce03" url="/api/zipdeploy?isAsync=true&amp;deployer=GITHUB_ZIP_DEPLOY&amp;message=%7B%22type%22%3A%22deployment%22%2C%22sha%22%3A%22686163a5d2de08d1e17aa62697ec9c12afd2a8a7%22%2C%22repoName%22%3A%22Kiryzsuuu%2FCineWave%22%2C%22actor%22%3A%22Kiryzsuuu%22%2C%22slotName%22%3A%22production%22%2C%22commitMessage%22%3A%22Add%20root%20index.php%20to%20forward%20to%20Laravel%20public%22%7D" method="POST" type="request" pid="768,1,22" Host="cinewave.scm.azurewebsites.net" User-Agent="GITHUBACTIONS_DeployWebAppToAzure_be248fa6b670439a91131d8c78d4b93875bac242bafab9c4e3b97bc48d7d5ee7" Authorization="Bas..." Content-Type="application/octet-stream" Cookie="ARRAffinity=d8ce030d10a8488f5af05adb44862a92568cc382a56095090ac9f1a788fb1dff;Path=/;HttpOnly;Secure;Domain=cinewave.scm.azurewebsites.net; ARRAffinitySameSite=d8ce030d10a8488f5af05adb44862a92568cc382a56095090ac9f1a788fb1dff;Path=/;HttpOnly;SameSite=None;Secure;Domain=cinewave.scm.azurewebsites.net" Transfer-Encoding="chunked" X-ARR-LOG-ID="a02e4e8b-24d9-46ea-bb36-75c50ae6817f" CLIENT-IP="52.234.41.66:33808" X-SITE-DEPLOYMENT-ID="CineWave" WAS-DEFAULT-HOSTNAME="cinewave.scm.azurewebsites.net" X-Forwarded-Proto="https" X-AppService-Proto="https" X-Forwarded-TlsVersion="1.3" X-WAWS-Unencoded-URL="/api/zipdeploy?isAsync=true&amp;deployer=GITHUB_ZIP_DEPLOY&amp;message=%7B%22type%22%3A%22deployment%22%2C%22sha%22%3A%22686163a5d2de08d1e17aa62697ec9c12afd2a8a7%22%2C%22repoName%22%3A%22Kiryzsuuu%2FCineWave%22%2C%22actor%22%3A%22Kiryzsuuu%22%2C%22slotName%22%3A%22production%22%2C%22commitMessage%22%3A%22Add%20root%20index.php%20to%20forward%20to%20Laravel%20public%22%7D" X-Client-IP="52.234.41.66" X-Client-Port="33808" >
  <step title="Cleanup Xml Logs" date="2025-12-13T14:19:21.363" >
    <step title="Cleanup Infos" date="2025-12-13T14:19:21.392" totalFiles="454" totalCleanup="294" /><!-- duration: 11ms -->
  </step><!-- duration: 48ms -->
  <step title="ZipPushDeploy" date="2025-12-13T14:19:21.443" >
    <step title="ZipDeploy. Extract zip. Remote build." date="2025-12-13T14:19:21.481" /><!-- duration: 10ms -->
    <step title="Starting PushDeployAsync" date="2025-12-13T14:19:21.501" /><!-- duration: 2ms -->
    <step title="Writing artifact to /tmp/zipdeploy/226cc743-93ac-40f9-b64c-926b298410a7.zip" date="2025-12-13T14:19:21.521" >
      <step title="Writing multipart request body to /tmp/zipdeploy/226cc743-93ac-40f9-b64c-926b298410a7.zip" date="2025-12-13T14:19:21.530" /><!-- duration: 10ms -->
    </step><!-- duration: 5812ms -->
    <step title="Start deployment in the background" date="2025-12-13T14:19:27.352" >
      <step title="Acquiring Deployment Lock" date="2025-12-13T14:19:27.402" /><!-- duration: 2ms -->
      <step title="Cannot Acquire Deployment Lock already held" date="2025-12-13T14:19:27.414" /><!-- duration: 2ms -->
    </step><!-- duration: 112ms -->
    <step title="There is a deployment currently in progress. Please try again when it completes." date="2025-12-13T14:19:27.472" /><!-- duration: 3ms -->
  </step><!-- duration: 6038ms -->
  <step title="Outgoing response" date="2025-12-13T14:19:27.484" type="response" statusCode="409" statusText="Conflict" /><!-- duration: 7ms -->
</step><!-- duration: 6149ms -->
