<step title="Incoming Request" date="2025-12-13T12:35:37.885" instance="d8ce03" url="/deploy?scmType=ExternalGit&amp;isAsync=true" method="POST" type="request" pid="768,1,5" Host="cinewave.scm.azurewebsites.net" User-Agent="Azure-WebSites-Controller/106.0.7.121" Authorization="Bas..." Expect="100-continue" Content-Length="77" x-ms-request-id="06b548b0-e064-4d6a-9101-9f5529d22605" X-ARR-LOG-ID="06b548b0-e064-4d6a-9101-9f5529d22605" CLIENT-IP="70.153.161.0:24448" X-SITE-DEPLOYMENT-ID="CineWave" WAS-DEFAULT-HOSTNAME="cinewave.scm.azurewebsites.net" X-MS-PLATFORM-INTERNAL="True" X-Forwarded-Proto="https" X-AppService-Proto="https" X-Forwarded-TlsVersion="1.3" X-WAWS-Unencoded-URL="/deploy?scmType=ExternalGit&amp;isAsync=true" X-Client-IP="70.153.161.0" X-Client-Port="24448" >
  <step title="FetchHandler" date="2025-12-13T12:35:37.986" >
    <step title="Executing external process" date="2025-12-13T12:35:38.418" type="process" path="git" arguments="rev-parse --git-dir" /><!-- duration: 79ms -->
    <step title="Executing external process" date="2025-12-13T12:35:38.720" type="process" path="git" arguments="rev-parse --git-dir" /><!-- duration: 30ms -->
    <step title="Executing external process" date="2025-12-13T12:35:38.759" type="process" path="git" arguments="log -n 1 main --" /><!-- duration: 63ms -->
    <step title="Start deployment in the background" date="2025-12-13T12:35:38.833" >
      <step title="Executing external process" date="2025-12-13T12:35:38.880" type="process" path="git" arguments="rev-parse --git-dir" /><!-- duration: 40ms -->
      <step title="Executing external process" date="2025-12-13T12:35:38.941" type="process" path="git" arguments="rev-parse --git-dir" /><!-- duration: 40ms -->
      <step title="Executing external process" date="2025-12-13T12:35:38.991" type="process" path="git" arguments="log -n 1 main --" /><!-- duration: 30ms -->
      <step title="Acquiring Deployment Lock" date="2025-12-13T12:35:39.031" /><!-- duration: 10ms -->
      <step title="Acquired Deployment Lock" date="2025-12-13T12:35:39.082" /><!-- duration: 19ms -->
    </step><!-- duration: 400ms -->
  </step><!-- duration: 1256ms -->
  <step title="Outgoing response" date="2025-12-13T12:35:39.253" type="response" statusCode="202" statusText="Accepted" /><!-- duration: 3ms -->
</step><!-- duration: 1378ms -->
