<step title="Incoming Request" date="2025-12-13T14:00:49.011" instance="d8ce03" url="/api/deployments/latest?deployer=GITHUB_ZIP_DEPLOY&amp;time=2025-12-13_14-00-09Z" method="GET" type="request" pid="770,1,17" Host="cinewave.scm.azurewebsites.net" User-Agent="GITHUBACTIONS_DeployWebAppToAzure_be248fa6b670439a91131d8c78d4b93875bac242bafab9c4e3b97bc48d7d5ee7" Authorization="Bas..." Content-Type="application/json; charset=utf-8" Cookie="ARRAffinity=d8ce030d10a8488f5af05adb44862a92568cc382a56095090ac9f1a788fb1dff;Path=/;HttpOnly;Secure;Domain=cinewave.scm.azurewebsites.net; ARRAffinitySameSite=d8ce030d10a8488f5af05adb44862a92568cc382a56095090ac9f1a788fb1dff;Path=/;HttpOnly;SameSite=None;Secure;Domain=cinewave.scm.azurewebsites.net" Content-Length="0" X-ARR-LOG-ID="68d49abf-d8cf-43c9-b2a3-d7d321d8e0ae" CLIENT-IP="13.83.166.226:34817" X-SITE-DEPLOYMENT-ID="CineWave" WAS-DEFAULT-HOSTNAME="cinewave.scm.azurewebsites.net" X-Forwarded-Proto="https" X-AppService-Proto="https" X-Forwarded-TlsVersion="1.3" X-WAWS-Unencoded-URL="/api/deployments/latest?deployer=GITHUB_ZIP_DEPLOY&amp;time=2025-12-13_14-00-09Z" X-Client-IP="13.83.166.226" X-Client-Port="34817" >
  <step title="Cleanup Xml Logs" date="2025-12-13T14:00:49.042" >
    <step title="Cleanup Infos" date="2025-12-13T14:00:49.080" totalFiles="353" totalCleanup="193" /><!-- duration: 42ms -->
  </step><!-- duration: 189ms -->
  <step title="DeploymentService.GetResult" date="2025-12-13T14:00:49.273" >
    <step title="DeploymentService.GetLatestDeployment" date="2025-12-13T14:00:49.284" >
      <step title="DeploymentManager.GetResults" date="2025-12-13T14:00:49.331" /><!-- duration: 1507ms -->
    </step><!-- duration: 1584ms -->
  </step><!-- duration: 1605ms -->
  <step title="Outgoing response" date="2025-12-13T14:00:50.899" type="response" statusCode="202" statusText="Accepted" /><!-- duration: 29ms -->
</step><!-- duration: 1928ms -->
