<step title="Incoming Request" date="2025-12-13T12:15:38.864" instance="d8ce03" url="/api/zipdeploy?isAsync=true&amp;deployer=GITHUB_ZIP_DEPLOY&amp;message=%7B%22type%22%3A%22deployment%22%2C%22sha%22%3A%2235b9a19f9e2272dd91276b07f96cc20a68cc5738%22%2C%22repoName%22%3A%22Kiryzsuuu%2FCineWave%22%2C%22actor%22%3A%22Kiryzsuuu%22%2C%22slotName%22%3A%22production%22%2C%22commitMessage%22%3A%22Trigger%20deployment%20with%20correct%20publish%20profile%22%7D" method="POST" type="request" pid="770,1,33" Host="cinewave.scm.azurewebsites.net" User-Agent="GITHUBACTIONS_DeployWebAppToAzure_be248fa6b670439a91131d8c78d4b93875bac242bafab9c4e3b97bc48d7d5ee7" Authorization="Bas..." Content-Type="application/octet-stream" Cookie="ARRAffinity=d8ce030d10a8488f5af05adb44862a92568cc382a56095090ac9f1a788fb1dff;Path=/;HttpOnly;Secure;Domain=cinewave.scm.azurewebsites.net; ARRAffinitySameSite=d8ce030d10a8488f5af05adb44862a92568cc382a56095090ac9f1a788fb1dff;Path=/;HttpOnly;SameSite=None;Secure;Domain=cinewave.scm.azurewebsites.net" Transfer-Encoding="chunked" X-ARR-LOG-ID="d51b3898-07d3-42d7-bbf1-d0e110e24a72" CLIENT-IP="20.109.38.227:26649" X-SITE-DEPLOYMENT-ID="CineWave" WAS-DEFAULT-HOSTNAME="cinewave.scm.azurewebsites.net" X-Forwarded-Proto="https" X-AppService-Proto="https" X-Forwarded-TlsVersion="1.3" X-WAWS-Unencoded-URL="/api/zipdeploy?isAsync=true&amp;deployer=GITHUB_ZIP_DEPLOY&amp;message=%7B%22type%22%3A%22deployment%22%2C%22sha%22%3A%2235b9a19f9e2272dd91276b07f96cc20a68cc5738%22%2C%22repoName%22%3A%22Kiryzsuuu%2FCineWave%22%2C%22actor%22%3A%22Kiryzsuuu%22%2C%22slotName%22%3A%22production%22%2C%22commitMessage%22%3A%22Trigger%20deployment%20with%20correct%20publish%20profile%22%7D" X-Client-IP="20.109.38.227" X-Client-Port="26649" >
  <step title="Cleanup Xml Logs" date="2025-12-13T12:15:38.884" /><!-- duration: 22ms -->
  <step title="ZipPushDeploy" date="2025-12-13T12:15:38.963" >
    <step title="ZipDeploy. Extract zip." date="2025-12-13T12:15:38.966" /><!-- duration: 1ms -->
    <step title="None repository commit" date="2025-12-13T12:15:38.970" >
      <step title="Commit id: f0005be5-68d0-4853-a6c5-8fcadf13cebf" date="2025-12-13T12:15:38.971" Message="N/A" AuthorName="N/A" AuthorEmail="N/A" /><!-- duration: 1ms -->
    </step><!-- duration: 7ms -->
    <step title="Starting PushDeployAsync" date="2025-12-13T12:15:38.978" /><!-- duration: 1ms -->
    <step title="Writing artifact to /tmp/zipdeploy/f50f0e12-1b8d-4689-9f67-aa4452ab8529.zip" date="2025-12-13T12:15:38.987" >
      <step title="Writing multipart request body to /tmp/zipdeploy/f50f0e12-1b8d-4689-9f67-aa4452ab8529.zip" date="2025-12-13T12:15:38.988" /><!-- duration: 3ms -->
    </step><!-- duration: 8601ms -->
    <step title="None repository commit" date="2025-12-13T12:15:47.593" >
      <step title="Commit id: f0005be5-68d0-4853-a6c5-8fcadf13cebf" date="2025-12-13T12:15:47.594" Message="N/A" AuthorName="N/A" AuthorEmail="N/A" /><!-- duration: 1ms -->
    </step><!-- duration: 5ms -->
    <step title="Start deployment in the background" date="2025-12-13T12:15:47.600" >
      <step title="None repository commit" date="2025-12-13T12:15:47.636" >
        <step title="Commit id: f0005be5-68d0-4853-a6c5-8fcadf13cebf" date="2025-12-13T12:15:47.641" Message="N/A" AuthorName="N/A" AuthorEmail="N/A" /><!-- duration: 2ms -->
      </step><!-- duration: 15ms -->
      <step title="Acquiring Deployment Lock" date="2025-12-13T12:15:47.653" /><!-- duration: 8ms -->
      <step title="Acquired Deployment Lock" date="2025-12-13T12:15:47.685" /><!-- duration: 1ms -->
    </step><!-- duration: 151ms -->
  </step><!-- duration: 8804ms -->
  <step title="Outgoing response" date="2025-12-13T12:15:47.785" type="response" statusCode="202" statusText="Accepted" /><!-- duration: 1ms -->
</step><!-- duration: 8923ms -->
