<step title="Incoming Request" date="2025-12-13T13:45:30.595" instance="d8ce03" url="/api/zipdeploy?isAsync=true&amp;deployer=GITHUB_ZIP_DEPLOY&amp;message=%7B%22type%22%3A%22deployment%22%2C%22sha%22%3A%2247ef3a8d0828b1e870afe4f4aed957e0bf869653%22%2C%22repoName%22%3A%22Kiryzsuuu%2FCineWave%22%2C%22actor%22%3A%22Kiryzsuuu%22%2C%22slotName%22%3A%22production%22%2C%22commitMessage%22%3A%22Fix%3A%20Force%20HTTPS%20scheme%20for%20assets%20in%20production%22%7D" method="POST" type="request" pid="768,1,18" Host="cinewave.scm.azurewebsites.net" User-Agent="GITHUBACTIONS_DeployWebAppToAzure_be248fa6b670439a91131d8c78d4b93875bac242bafab9c4e3b97bc48d7d5ee7" Authorization="Bas..." Content-Type="application/octet-stream" Cookie="ARRAffinity=d8ce030d10a8488f5af05adb44862a92568cc382a56095090ac9f1a788fb1dff;Path=/;HttpOnly;Secure;Domain=cinewave.scm.azurewebsites.net; ARRAffinitySameSite=d8ce030d10a8488f5af05adb44862a92568cc382a56095090ac9f1a788fb1dff;Path=/;HttpOnly;SameSite=None;Secure;Domain=cinewave.scm.azurewebsites.net" Transfer-Encoding="chunked" X-ARR-LOG-ID="a6bb4dd6-9e07-4423-9b9a-574d0713c6bd" CLIENT-IP="172.182.226.214:7201" X-SITE-DEPLOYMENT-ID="CineWave" WAS-DEFAULT-HOSTNAME="cinewave.scm.azurewebsites.net" X-Forwarded-Proto="https" X-AppService-Proto="https" X-Forwarded-TlsVersion="1.3" X-WAWS-Unencoded-URL="/api/zipdeploy?isAsync=true&amp;deployer=GITHUB_ZIP_DEPLOY&amp;message=%7B%22type%22%3A%22deployment%22%2C%22sha%22%3A%2247ef3a8d0828b1e870afe4f4aed957e0bf869653%22%2C%22repoName%22%3A%22Kiryzsuuu%2FCineWave%22%2C%22actor%22%3A%22Kiryzsuuu%22%2C%22slotName%22%3A%22production%22%2C%22commitMessage%22%3A%22Fix%3A%20Force%20HTTPS%20scheme%20for%20assets%20in%20production%22%7D" X-Client-IP="172.182.226.214" X-Client-Port="7201" >
  <step title="Cleanup Xml Logs" date="2025-12-13T13:45:30.597" >
    <step title="Cleanup Infos" date="2025-12-13T13:45:30.607" totalFiles="304" totalCleanup="144" /><!-- duration: 2ms -->
  </step><!-- duration: 13ms -->
  <step title="ZipPushDeploy" date="2025-12-13T13:45:30.646" >
    <step title="ZipDeploy. Extract zip. Remote build." date="2025-12-13T13:45:30.652" /><!-- duration: 3ms -->
    <step title="None repository commit" date="2025-12-13T13:45:30.661" >
      <step title="Commit id: c897f0ce-47ec-4634-ace7-d3d8aa09c1df" date="2025-12-13T13:45:30.665" Message="N/A" AuthorName="N/A" AuthorEmail="N/A" /><!-- duration: 1ms -->
    </step><!-- duration: 6ms -->
    <step title="Starting PushDeployAsync" date="2025-12-13T13:45:30.669" /><!-- duration: 3ms -->
    <step title="Writing artifact to /tmp/zipdeploy/f50a6b09-a409-4ffe-9a03-9c6250fbcbc7.zip" date="2025-12-13T13:45:30.681" >
      <step title="Writing multipart request body to /tmp/zipdeploy/f50a6b09-a409-4ffe-9a03-9c6250fbcbc7.zip" date="2025-12-13T13:45:30.685" /><!-- duration: 5ms -->
    </step><!-- duration: 5570ms -->
    <step title="Removing previous build artifact&apos;s manifest file" date="2025-12-13T13:45:36.258" >
      <step title="Start deployment in the background" date="2025-12-13T13:45:36.273" >
        <step title="Acquiring Deployment Lock" date="2025-12-13T13:45:36.307" /><!-- duration: 5ms -->
        <step title="Acquired Deployment Lock" date="2025-12-13T13:45:36.327" /><!-- duration: 1ms -->
      </step><!-- duration: 129ms -->
    </step><!-- duration: 149ms -->
    <step title="Outgoing response" date="2025-12-13T13:45:36.422" type="response" statusCode="202" statusText="Accepted" /><!-- duration: 4ms -->
  </step><!-- duration: 5781ms -->
