<step title="Incoming Request" date="2025-12-13T12:29:39.071" instance="d8ce03" url="/deploy?scmType=ExternalGit&amp;isAsync=true" method="POST" type="request" pid="770,1,17" Host="cinewave.scm.azurewebsites.net" User-Agent="Azure-WebSites-Controller/106.0.7.121" Authorization="Bas..." Expect="100-continue" Content-Length="77" x-ms-request-id="8ea63d4a-b435-4ec1-891b-0e0b9d99e73a" X-ARR-LOG-ID="8ea63d4a-b435-4ec1-891b-0e0b9d99e73a" CLIENT-IP="70.153.161.0:8728" X-SITE-DEPLOYMENT-ID="CineWave" WAS-DEFAULT-HOSTNAME="cinewave.scm.azurewebsites.net" X-MS-PLATFORM-INTERNAL="True" X-Forwarded-Proto="https" X-AppService-Proto="https" X-Forwarded-TlsVersion="1.3" X-WAWS-Unencoded-URL="/deploy?scmType=ExternalGit&amp;isAsync=true" X-Client-IP="70.153.161.0" X-Client-Port="8728" >
  <step title="Cleanup Xml Logs" date="2025-12-13T12:29:39.073" /><!-- duration: 11ms -->
  <step title="FetchHandler" date="2025-12-13T12:29:39.113" >
    <step title="Executing external process" date="2025-12-13T12:29:39.145" type="process" path="git" arguments="rev-parse --git-dir" /><!-- duration: 30ms -->
    <step title="Executing external process" date="2025-12-13T12:29:39.182" type="process" path="git" arguments="rev-parse --git-dir" /><!-- duration: 23ms -->
    <step title="Executing external process" date="2025-12-13T12:29:39.223" type="process" path="git" arguments="log -n 1 main --" /><!-- duration: 52ms -->
    <step title="Start deployment in the background" date="2025-12-13T12:29:39.282" >
      <step title="Executing external process" date="2025-12-13T12:29:39.287" type="process" path="git" arguments="rev-parse --git-dir" /><!-- duration: 17ms -->
      <step title="Executing external process" date="2025-12-13T12:29:39.305" type="process" path="git" arguments="rev-parse --git-dir" /><!-- duration: 28ms -->
      <step title="Executing external process" date="2025-12-13T12:29:39.344" type="process" path="git" arguments="log -n 1 main --" /><!-- duration: 32ms -->
      <step title="Acquiring Deployment Lock" date="2025-12-13T12:29:39.394" /><!-- duration: 2ms -->
      <step title="Acquired Deployment Lock" date="2025-12-13T12:29:39.424" /><!-- duration: 2ms -->
    </step><!-- duration: 181ms -->
  </step><!-- duration: 352ms -->
  <step title="Outgoing response" date="2025-12-13T12:29:39.467" type="response" statusCode="202" statusText="Accepted" /><!-- duration: 1ms -->
</step><!-- duration: 399ms -->
