<step title="BackgroundTrace" date="2025-12-13T13:29:32.893" instance="d8ce03" url="/deploy" method="POST" >
  <step title="Creating temporary deployment - FetchDeploymentManager" date="2025-12-13T13:29:33.070" /><!-- duration: 2ms -->
  <step title="Creating temporary deployment" date="2025-12-13T13:29:33.078" /><!-- duration: 80ms -->
  <step title="Performing fetch based deployment" date="2025-12-13T13:29:33.453" >
    <step title="Deployment timer started" date="2025-12-13T13:29:38.978" >
      <step title="DeploymentManager.Deploy(id:50bc0a56d5c9bee84a6e821e1ad5cd02cf775e4e)" date="2025-12-13T13:29:38.986" >
        <step title="Collecting changeset information" date="2025-12-13T13:29:39.013" /><!-- duration: 104ms -->
        <step title="Updating submodules" date="2025-12-13T13:29:39.138" /><!-- duration: 1182ms -->
        <step title="Determining deployment builder" date="2025-12-13T13:29:40.475" >
          <step title="Builder is OryxBuilder" date="2025-12-13T13:29:40.478" /><!-- duration: 10ms -->
        </step><!-- duration: 22ms -->
        <step title="PreDeployment: context.CleanOutputPath False" date="2025-12-13T13:29:40.533" >
          <step title="PreDeployment: context.OutputPath /home/site/wwwroot" date="2025-12-13T13:29:40.604" >
            <step title="Building" date="2025-12-13T13:29:40.687" >
              <step title="Executing external process" date="2025-12-13T13:29:40.988" type="process" path="bash" arguments="-c &quot;oryx build /home/site/repository -o /home/site/wwwroot --platform php --platform-version 8.2 -p virtualenv_name= --log-file /tmp/build-debug.log  -i /tmp/8de3a4bab5aab50 | tee /tmp/oryx-build.log ; exit $PIPESTATUS &quot;" /><!-- duration: 104036ms -->
              <step title="Using GenericDeploymentLogParser" date="2025-12-13T13:31:25.606" /><!-- duration: 12ms -->
              <step title="Triggering recycle (preview mode disabled)." date="2025-12-13T13:31:27.175" /><!-- duration: 2ms -->
              <step title="Modified file to trigger a restart of the app container." date="2025-12-13T13:31:27.205" /><!-- duration: 2ms -->
              <step title="Skip function trigger and logicapp sync because function is not enabled." date="2025-12-13T13:31:27.257" /><!-- duration: 7ms -->
              <step title="Purge deployment items" date="2025-12-13T13:31:28.502" >
                <step title="Remove 4a35ccde-, Failed, received at 12/13/2025 13:16:22" date="2025-12-13T13:31:28.563" /><!-- duration: 2ms -->
              </step><!-- duration: 69ms -->
            </step><!-- duration: 107944ms -->
          </step><!-- duration: 108068ms -->
          <step title="Cleaning up temp files" date="2025-12-13T13:31:28.675" /><!-- duration: 4046ms -->
          <step title="Cleaning up temp files" date="2025-12-13T13:31:32.741" /><!-- duration: 721ms -->
          <step title="Reloading status file with latest updates" date="2025-12-13T13:31:33.540" >
            <step title="WebHooksManager.PublishEventAsync: PostDeployment" date="2025-12-13T13:31:33.561" /><!-- duration: 592ms -->
          </step><!-- duration: 663ms -->
          <step title="Cleaning up temporary deployment - fetch deployment was successful" date="2025-12-13T13:31:34.236" /><!-- duration: 10ms -->
        </step><!-- duration: 113773ms -->
      </step><!-- duration: 115409ms -->
