<step title="Incoming Request" date="2025-12-13T14:00:23.327" instance="d8ce03" url="/api/deployments/latest?deployer=GITHUB_ZIP_DEPLOY&amp;time=2025-12-13_14-00-09Z" method="GET" type="request" pid="770,1,5" Host="cinewave.scm.azurewebsites.net" User-Agent="GITHUBACTIONS_DeployWebAppToAzure_be248fa6b670439a91131d8c78d4b93875bac242bafab9c4e3b97bc48d7d5ee7" Authorization="Bas..." Content-Type="application/json; charset=utf-8" Cookie="ARRAffinity=d8ce030d10a8488f5af05adb44862a92568cc382a56095090ac9f1a788fb1dff;Path=/;HttpOnly;Secure;Domain=cinewave.scm.azurewebsites.net; ARRAffinitySameSite=d8ce030d10a8488f5af05adb44862a92568cc382a56095090ac9f1a788fb1dff;Path=/;HttpOnly;SameSite=None;Secure;Domain=cinewave.scm.azurewebsites.net" Content-Length="0" X-ARR-LOG-ID="fd095ed6-9743-44ce-9572-250510cfa551" CLIENT-IP="13.83.166.226:34817" X-SITE-DEPLOYMENT-ID="CineWave" WAS-DEFAULT-HOSTNAME="cinewave.scm.azurewebsites.net" X-Forwarded-Proto="https" X-AppService-Proto="https" X-Forwarded-TlsVersion="1.3" X-WAWS-Unencoded-URL="/api/deployments/latest?deployer=GITHUB_ZIP_DEPLOY&amp;time=2025-12-13_14-00-09Z" X-Client-IP="13.83.166.226" X-Client-Port="34817" >
  <step title="Cleanup Xml Logs" date="2025-12-13T14:00:23.328" >
    <step title="Cleanup Infos" date="2025-12-13T14:00:23.335" totalFiles="349" totalCleanup="189" /><!-- duration: 2ms -->
  </step><!-- duration: 11ms -->
  <step title="DeploymentService.GetResult" date="2025-12-13T14:00:23.361" >
    <step title="DeploymentService.GetLatestDeployment" date="2025-12-13T14:00:23.362" >
      <step title="DeploymentManager.GetResults" date="2025-12-13T14:00:23.369" /><!-- duration: 138ms -->
    </step><!-- duration: 146ms -->
  </step><!-- duration: 150ms -->
  <step title="Outgoing response" date="2025-12-13T14:00:23.513" type="response" statusCode="202" statusText="Accepted" /><!-- duration: 2ms -->
</step><!-- duration: 190ms -->
