<step title="Incoming Request" date="2025-12-13T13:14:30.026" instance="d8ce03" url="/api/deployments/latest?deployer=GITHUB_ZIP_DEPLOY&amp;time=2025-12-13_13-11-07Z" method="GET" type="request" pid="768,1,26" Host="cinewave.scm.azurewebsites.net" User-Agent="GITHUBACTIONS_DeployWebAppToAzure_be248fa6b670439a91131d8c78d4b93875bac242bafab9c4e3b97bc48d7d5ee7" Authorization="Bas..." Content-Type="application/json; charset=utf-8" Cookie="ARRAffinity=d8ce030d10a8488f5af05adb44862a92568cc382a56095090ac9f1a788fb1dff;Path=/;HttpOnly;Secure;Domain=cinewave.scm.azurewebsites.net; ARRAffinitySameSite=d8ce030d10a8488f5af05adb44862a92568cc382a56095090ac9f1a788fb1dff;Path=/;HttpOnly;SameSite=None;Secure;Domain=cinewave.scm.azurewebsites.net" Content-Length="0" X-ARR-LOG-ID="e850ea15-0bbd-421e-b0b2-7c2ec53f3627" CLIENT-IP="57.151.128.208:37888" X-SITE-DEPLOYMENT-ID="CineWave" WAS-DEFAULT-HOSTNAME="cinewave.scm.azurewebsites.net" X-Forwarded-Proto="https" X-AppService-Proto="https" X-Forwarded-TlsVersion="1.3" X-WAWS-Unencoded-URL="/api/deployments/latest?deployer=GITHUB_ZIP_DEPLOY&amp;time=2025-12-13_13-11-07Z" X-Client-IP="57.151.128.208" X-Client-Port="37888" >
  <step title="Cleanup Xml Logs" date="2025-12-13T13:14:30.029" >
    <step title="Cleanup Infos" date="2025-12-13T13:14:30.036" totalFiles="200" totalCleanup="40" /><!-- duration: 11ms -->
  </step><!-- duration: 20ms -->
  <step title="DeploymentService.GetResult" date="2025-12-13T13:14:30.057" >
    <step title="DeploymentService.GetLatestDeployment" date="2025-12-13T13:14:30.059" >
      <step title="DeploymentManager.GetResults" date="2025-12-13T13:14:30.062" /><!-- duration: 389ms -->
    </step><!-- duration: 394ms -->
  </step><!-- duration: 400ms -->
  <step title="Outgoing response" date="2025-12-13T13:14:30.462" type="response" statusCode="202" statusText="Accepted" /><!-- duration: 3ms -->
</step><!-- duration: 451ms -->
