<step title="BackgroundTrace" date="2025-12-13T12:35:38.852" instance="d8ce03" url="/deploy" method="POST" >
  <step title="Creating temporary deployment - FetchDeploymentManager" date="2025-12-13T12:35:39.104" /><!-- duration: 17ms -->
  <step title="Creating temporary deployment" date="2025-12-13T12:35:39.131" /><!-- duration: 93ms -->
  <step title="Performing fetch based deployment" date="2025-12-13T12:35:39.373" >
    <step title="Deployment timer started" date="2025-12-13T12:35:45.813" >
      <step title="DeploymentManager.Deploy(id:35b9a19f9e2272dd91276b07f96cc20a68cc5738)" date="2025-12-13T12:35:45.816" >
        <step title="Collecting changeset information" date="2025-12-13T12:35:45.826" /><!-- duration: 60ms -->
        <step title="Updating submodules" date="2025-12-13T12:35:45.947" /><!-- duration: 1197ms -->
        <step title="Determining deployment builder" date="2025-12-13T12:35:47.815" >
          <step title="Builder is CustomBuilder" date="2025-12-13T12:35:47.826" /><!-- duration: 9ms -->
        </step><!-- duration: 22ms -->
        <step title="PreDeployment: context.CleanOutputPath False" date="2025-12-13T12:35:47.927" >
          <step title="PreDeployment: context.OutputPath /home/site/wwwroot" date="2025-12-13T12:35:48.158" >
            <step title="Building" date="2025-12-13T12:35:48.308" >
              <step title="Executing external process" date="2025-12-13T12:35:49.311" type="process" path="starter.sh" arguments="bash deploy.sh" /><!-- duration: 21282ms -->
              <step title="Triggering recycle (preview mode disabled)." date="2025-12-13T12:36:11.406" /><!-- duration: 12ms -->
              <step title="Modified file to trigger a restart of the app container." date="2025-12-13T12:36:11.478" /><!-- duration: 10ms -->
              <step title="Skip function trigger and logicapp sync because function is not enabled." date="2025-12-13T12:36:11.536" /><!-- duration: 40ms -->
            </step><!-- duration: 24487ms -->
          </step><!-- duration: 24686ms -->
          <step title="Cleaning up temp files" date="2025-12-13T12:36:12.873" /><!-- duration: 32ms -->
          <step title="Cleaning up temp files" date="2025-12-13T12:36:12.934" /><!-- duration: 550ms -->
          <step title="Reloading status file with latest updates" date="2025-12-13T12:36:13.563" >
            <step title="WebHooksManager.PublishEventAsync: PostDeployment" date="2025-12-13T12:36:13.586" /><!-- duration: 369ms -->
          </step><!-- duration: 402ms -->
          <step title="Cleaning up temporary deployment - fetch deployment was successful" date="2025-12-13T12:36:14.036" /><!-- duration: 21ms -->
        </step><!-- duration: 26251ms -->
      </step><!-- duration: 28403ms -->
