<step title="Incoming Request" date="2025-12-13T11:48:56.795" instance="d8ce03" url="/api/zipdeploy?isAsync=true" method="POST" type="request" pid="769,1,5" Accept="*/*" Host="cinewave.scm.azurewebsites.net" User-Agent="AZURECLI/2.80.0 (MSI)" Accept-Encoding="gzip, deflate" Authorization="Bea..." Cache-Control="no-cache" Content-Type="application/octet-stream" Content-Length="239474673" x-ms-client-request-id="975b9da4-d819-11f0-abee-9c6b00385cf4" x-ms-artifact-checksum="8dfc1602c9ba1e1cc2e94a1b7541c681b121bc190627addbd685fa8c71d18d3c" X-ARR-LOG-ID="975b9da4-d819-11f0-abee-9c6b00385cf4" CLIENT-IP="36.70.87.167:50761" X-SITE-DEPLOYMENT-ID="CineWave" WAS-DEFAULT-HOSTNAME="cinewave.scm.azurewebsites.net" X-Forwarded-Proto="https" X-AppService-Proto="https" X-Forwarded-TlsVersion="1.3" X-WAWS-Unencoded-URL="/api/zipdeploy?isAsync=true" X-Client-IP="36.70.87.167" X-Client-Port="50761" >
  <step title="Cleanup Xml Logs" date="2025-12-13T11:48:56.799" /><!-- duration: 5ms -->
  <step title="ZipPushDeploy" date="2025-12-13T11:48:56.875" >
    <step title="ZipDeploy. Extract zip. Remote build." date="2025-12-13T11:48:56.878" /><!-- duration: 1ms -->
    <step title="None repository commit" date="2025-12-13T11:48:56.886" >
      <step title="Commit id: 3a8907e6-07c0-46bf-87c9-5f68a3490434" date="2025-12-13T11:48:56.888" Message="N/A" AuthorName="N/A" AuthorEmail="N/A" /><!-- duration: 1ms -->
    </step><!-- duration: 5ms -->
    <step title="Starting PushDeployAsync" date="2025-12-13T11:48:56.892" /><!-- duration: 1ms -->
    <step title="Writing artifact to /tmp/zipdeploy/1caec656-5339-45c7-baba-7435b9eab62d.zip" date="2025-12-13T11:48:56.904" >
      <step title="Writing multipart request body to /tmp/zipdeploy/1caec656-5339-45c7-baba-7435b9eab62d.zip" date="2025-12-13T11:48:56.907" /><!-- duration: 8ms -->
    </step><!-- duration: 210407ms -->
    <step title="None repository commit" date="2025-12-13T11:52:27.329" >
      <step title="Commit id: 3a8907e6-07c0-46bf-87c9-5f68a3490434" date="2025-12-13T11:52:27.331" Message="N/A" AuthorName="N/A" AuthorEmail="N/A" /><!-- duration: 1ms -->
    </step><!-- duration: 5ms -->
    <step title="Start deployment in the background" date="2025-12-13T11:52:27.335" >
      <step title="None repository commit" date="2025-12-13T11:52:27.354" >
        <step title="Commit id: 3a8907e6-07c0-46bf-87c9-5f68a3490434" date="2025-12-13T11:52:27.356" Message="N/A" AuthorName="N/A" AuthorEmail="N/A" /><!-- duration: 2ms -->
      </step><!-- duration: 5ms -->
      <step title="Acquiring Deployment Lock" date="2025-12-13T11:52:27.361" /><!-- duration: 6ms -->
      <step title="Acquired Deployment Lock" date="2025-12-13T11:52:27.396" /><!-- duration: 2ms -->
    </step><!-- duration: 126ms -->
  </step><!-- duration: 210643ms -->
  <step title="Outgoing response" date="2025-12-13T11:52:27.552" type="response" statusCode="202" statusText="Accepted" /><!-- duration: 2ms -->
</step><!-- duration: 210761ms -->
