<step title="BackgroundTrace" date="2025-12-13T12:49:59.863" instance="d8ce03" url="/deploy" method="POST" >
  <step title="Creating temporary deployment - FetchDeploymentManager" date="2025-12-13T12:50:00.818" /><!-- duration: 30ms -->
  <step title="Creating temporary deployment" date="2025-12-13T12:50:00.908" /><!-- duration: 427ms -->
  <step title="Performing fetch based deployment" date="2025-12-13T12:50:02.436" >
    <step title="Deployment timer started" date="2025-12-13T12:50:50.226" >
      <step title="DeploymentManager.Deploy(id:9bc0955645411344844d2b188ef9db61bac771ff)" date="2025-12-13T12:50:50.959" >
        <step title="Collecting changeset information" date="2025-12-13T12:50:51.499" /><!-- duration: 2070ms -->
        <step title="Updating submodules" date="2025-12-13T12:50:53.661" /><!-- duration: 2019ms -->
        <step title="Determining deployment builder" date="2025-12-13T12:50:56.191" >
          <step title="Builder is CustomBuilder" date="2025-12-13T12:50:56.194" /><!-- duration: 2ms -->
        </step><!-- duration: 6ms -->
        <step title="PreDeployment: context.CleanOutputPath False" date="2025-12-13T12:50:56.416" >
          <step title="PreDeployment: context.OutputPath /home/site/wwwroot" date="2025-12-13T12:50:57.159" >
            <step title="Building" date="2025-12-13T12:50:57.695" >
              <step title="Executing external process" date="2025-12-13T12:50:58.094" type="process" path="starter.sh" arguments="bash deploy.sh" /><!-- duration: 5907ms -->
              <step title="Triggering recycle (preview mode disabled)." date="2025-12-13T12:51:04.294" /><!-- duration: 2ms -->
              <step title="Modified file to trigger a restart of the app container." date="2025-12-13T12:51:04.344" /><!-- duration: 10ms -->
              <step title="Skip function trigger and logicapp sync because function is not enabled." date="2025-12-13T12:51:04.384" /><!-- duration: 20ms -->
              <step title="Purge deployment items" date="2025-12-13T12:51:05.272" >
                <step title="Remove b0c4a27b-, Failed, received at 12/13/2025 12:46:16" date="2025-12-13T12:51:05.379" /><!-- duration: 2ms -->
              </step><!-- duration: 110ms -->
            </step><!-- duration: 7772ms -->
          </step><!-- duration: 8319ms -->
          <step title="Cleaning up temp files" date="2025-12-13T12:51:05.480" /><!-- duration: 9ms -->
          <step title="Cleaning up temp files" date="2025-12-13T12:51:05.517" /><!-- duration: 639ms -->
          <step title="Reloading status file with latest updates" date="2025-12-13T12:51:06.181" >
            <step title="WebHooksManager.PublishEventAsync: PostDeployment" date="2025-12-13T12:51:06.198" /><!-- duration: 65ms -->
          </step><!-- duration: 84ms -->
          <step title="Cleaning up temporary deployment - fetch deployment was successful" date="2025-12-13T12:51:06.269" /><!-- duration: 2ms -->
        </step><!-- duration: 9935ms -->
      </step><!-- duration: 15482ms -->
