﻿<?xml version="1.0" encoding="utf-8"?>
<deployment>
  <id>f29ed4c2-ac80-429c-80a3-cd2644a1c37d</id>
  <author>N/A</author>
  <deployer>GITHUB_ZIP_DEPLOY</deployer>
  <authorEmail>N/A</authorEmail>
  <message>{"type":"deployment","sha":"5923d996cc577a9eb79d26d4122fb7d227ca2e0c","repoName":"Kiryzsuuu/CineWave","actor":"Kiryzsuuu","slotName":"production","commitMessage":"Simplify nginx config for Azure"}</message>
  <progress></progress>
  <status>Success</status>
  <statusText></statusText>
  <lastSuccessEndTime>2025-12-13T14:19:45.930497Z</lastSuccessEndTime>
  <receivedTime>2025-12-13T14:16:52.7552453Z</receivedTime>
  <startTime>2025-12-13T14:16:54.3224055Z</startTime>
  <endTime>2025-12-13T14:19:45.930497Z</endTime>
  <complete>True</complete>
  <is_temp>False</is_temp>
  <is_readonly>True</is_readonly>
  <buildSummary />
</deployment>